-- MySQL dump 10.13  Distrib 5.5.41, for debian-linux-gnu (x86_64)
--
-- Host: localhost    Database: mobile-campus
-- ------------------------------------------------------
-- Server version	5.5.41-0ubuntu0.12.04.1

/*!40101 SET @OLD_CHARACTER_SET_CLIENT=@@CHARACTER_SET_CLIENT */;
/*!40101 SET @OLD_CHARACTER_SET_RESULTS=@@CHARACTER_SET_RESULTS */;
/*!40101 SET @OLD_COLLATION_CONNECTION=@@COLLATION_CONNECTION */;
/*!40101 SET NAMES utf8 */;
/*!40103 SET @OLD_TIME_ZONE=@@TIME_ZONE */;
/*!40103 SET TIME_ZONE='+00:00' */;
/*!40014 SET @OLD_UNIQUE_CHECKS=@@UNIQUE_CHECKS, UNIQUE_CHECKS=0 */;
/*!40014 SET @OLD_FOREIGN_KEY_CHECKS=@@FOREIGN_KEY_CHECKS, FOREIGN_KEY_CHECKS=0 */;
/*!40101 SET @OLD_SQL_MODE=@@SQL_MODE, SQL_MODE='NO_AUTO_VALUE_ON_ZERO' */;
/*!40111 SET @OLD_SQL_NOTES=@@SQL_NOTES, SQL_NOTES=0 */;

--
-- Table structure for table `career`
--

DROP TABLE IF EXISTS `career`;
/*!40101 SET @saved_cs_client     = @@character_set_client */;
/*!40101 SET character_set_client = utf8 */;
CREATE TABLE `career` (
  `code` int(11) NOT NULL,
  `name` varchar(255) DEFAULT NULL,
  PRIMARY KEY (`code`),
  UNIQUE KEY `UK_4i26x57mopr9pseu6r3d1faia` (`name`)
) ENGINE=InnoDB DEFAULT CHARSET=latin1;
/*!40101 SET character_set_client = @saved_cs_client */;

--
-- Dumping data for table `career`
--

LOCK TABLES `career` WRITE;
/*!40000 ALTER TABLE `career` DISABLE KEYS */;
INSERT INTO `career` VALUES (1,'Ingeniería CIVIL'),(11,'Ingeniería de ALIMENTOS'),(6,'Ingeniería ELECTRICISTA'),(7,'Ingeniería ELECTRÓNICA'),(4,'Ingeniería en AGRIMENSURA'),(10,'Ingeniería en INFORMÁTICA'),(2,'Ingeniería INDUSTRIAL'),(5,'Ingeniería MECÁNICA'),(3,'Ingeniería NAVAL Y MECÁNICA'),(8,'Ingeniería QUÍMICA'),(9,'Licenciatura en ANÁLISIS DE SISTEMAS');
/*!40000 ALTER TABLE `career` ENABLE KEYS */;
UNLOCK TABLES;

--
-- Table structure for table `configuration`
--

DROP TABLE IF EXISTS `configuration`;
/*!40101 SET @saved_cs_client     = @@character_set_client */;
/*!40101 SET character_set_client = utf8 */;
CREATE TABLE `configuration` (
  `type` varchar(31) NOT NULL,
  `id` int(11) NOT NULL AUTO_INCREMENT,
  `isEnabled` tinyint(1) DEFAULT NULL,
  `distanceInKm` double DEFAULT NULL,
  `userName` varchar(255) DEFAULT NULL,
  PRIMARY KEY (`id`),
  UNIQUE KEY `UK_kjggw5t2ownpf1udf58vmyv5r` (`userName`,`type`),
  KEY `FK_lv7uh5i3w6ryhhvmp7edjqtwe` (`userName`),
  CONSTRAINT `FK_lv7uh5i3w6ryhhvmp7edjqtwe` FOREIGN KEY (`userName`) REFERENCES `student` (`userName`)
) ENGINE=InnoDB AUTO_INCREMENT=10 DEFAULT CHARSET=latin1;
/*!40101 SET character_set_client = @saved_cs_client */;

--
-- Dumping data for table `configuration`
--

LOCK TABLES `configuration` WRITE;
/*!40000 ALTER TABLE `configuration` DISABLE KEYS */;
INSERT INTO `configuration` VALUES ('LOCATION_CONFIGURATION',1,1,5,'89001'),('LOCATION_CONFIGURATION',2,1,10,'89002'),('LOCATION_CONFIGURATION',3,1,10,'I89003'),('LOCATION_CONFIGURATION',4,1,5,'89004'),('LOCATION_CONFIGURATION',5,1,2,'89005'),('LOCATION_CONFIGURATION',6,1,10,'89006'),('LOCATION_CONFIGURATION',7,0,10,'I89007'),('LOCATION_CONFIGURATION',8,0,10,'89008'),('LOCATION_CONFIGURATION',9,0,10,'89009');
/*!40000 ALTER TABLE `configuration` ENABLE KEYS */;
UNLOCK TABLES;

--
-- Table structure for table `groups_students`
--

DROP TABLE IF EXISTS `groups_students`;
/*!40101 SET @saved_cs_client     = @@character_set_client */;
/*!40101 SET character_set_client = utf8 */;
CREATE TABLE `groups_students` (
  `groupId` int(11) NOT NULL,
  `userName` varchar(255) NOT NULL,
  PRIMARY KEY (`groupId`,`userName`),
  KEY `FK_n7oo7lkoktwcifiyhmhi5uvh` (`userName`),
  KEY `FK_hpgy9nt18ruusuweevxu9g5n9` (`groupId`),
  CONSTRAINT `FK_hpgy9nt18ruusuweevxu9g5n9` FOREIGN KEY (`groupId`) REFERENCES `study_group` (`id`),
  CONSTRAINT `FK_n7oo7lkoktwcifiyhmhi5uvh` FOREIGN KEY (`userName`) REFERENCES `student` (`userName`)
) ENGINE=InnoDB DEFAULT CHARSET=latin1;
/*!40101 SET character_set_client = @saved_cs_client */;

--
-- Dumping data for table `groups_students`
--

LOCK TABLES `groups_students` WRITE;
/*!40000 ALTER TABLE `groups_students` DISABLE KEYS */;
INSERT INTO `groups_students` VALUES (1,'89001'),(2,'89001'),(3,'89001'),(4,'89001'),(5,'89001'),(6,'89001'),(7,'89001'),(8,'89001'),(9,'89001');
/*!40000 ALTER TABLE `groups_students` ENABLE KEYS */;
UNLOCK TABLES;

--
-- Table structure for table `high_school`
--

DROP TABLE IF EXISTS `high_school`;
/*!40101 SET @saved_cs_client     = @@character_set_client */;
/*!40101 SET character_set_client = utf8 */;
CREATE TABLE `high_school` (
  `id` int(11) NOT NULL AUTO_INCREMENT,
  `dateFrom` datetime DEFAULT NULL,
  `dateTo` datetime DEFAULT NULL,
  `degree` varchar(255) DEFAULT NULL,
  `schoolName` varchar(255) DEFAULT NULL,
  `userName` varchar(255) DEFAULT NULL,
  PRIMARY KEY (`id`),
  UNIQUE KEY `UK_igtktbf7mro8sfkbsijmmd2qk` (`userName`),
  KEY `FK_igtktbf7mro8sfkbsijmmd2qk` (`userName`),
  CONSTRAINT `FK_igtktbf7mro8sfkbsijmmd2qk` FOREIGN KEY (`userName`) REFERENCES `student` (`userName`)
) ENGINE=InnoDB AUTO_INCREMENT=5 DEFAULT CHARSET=latin1;
/*!40101 SET character_set_client = @saved_cs_client */;

--
-- Dumping data for table `high_school`
--

LOCK TABLES `high_school` WRITE;
/*!40000 ALTER TABLE `high_school` DISABLE KEYS */;
INSERT INTO `high_school` VALUES (1,'2005-03-11 00:00:00','2010-12-11 00:00:00','Técnico en electrónica','Otro Krause','89001'),(2,'2008-03-07 00:00:00','2011-12-08 00:00:00','Bachiller en Cs Económicas','Media Nro 3','89002'),(3,NULL,NULL,'Bachiller Contable','EEM Nro 1','89005'),(4,'2011-05-07 00:00:00','2012-05-11 00:00:00','Secundario','Media 13','89009');
/*!40000 ALTER TABLE `high_school` ENABLE KEYS */;
UNLOCK TABLES;

--
-- Table structure for table `job`
--

DROP TABLE IF EXISTS `job`;
/*!40101 SET @saved_cs_client     = @@character_set_client */;
/*!40101 SET character_set_client = utf8 */;
CREATE TABLE `job` (
  `id` int(11) NOT NULL AUTO_INCREMENT,
  `company` varchar(255) DEFAULT NULL,
  `dateFrom` datetime DEFAULT NULL,
  `dateTo` datetime DEFAULT NULL,
  `position` varchar(255) DEFAULT NULL,
  `userName` varchar(255) DEFAULT NULL,
  PRIMARY KEY (`id`),
  KEY `FK_8dl3c63q97ifs14uf5dwtkskr` (`userName`),
  CONSTRAINT `FK_8dl3c63q97ifs14uf5dwtkskr` FOREIGN KEY (`userName`) REFERENCES `student` (`userName`)
) ENGINE=InnoDB AUTO_INCREMENT=9 DEFAULT CHARSET=latin1;
/*!40101 SET character_set_client = @saved_cs_client */;

--
-- Dumping data for table `job`
--

LOCK TABLES `job` WRITE;
/*!40000 ALTER TABLE `job` DISABLE KEYS */;
INSERT INTO `job` VALUES (1,'Panadería Pan de Dios','2013-05-11 00:00:00','2014-01-14 00:00:00','Aprendiz de panadero','89001'),(2,'Electrónica La Resajjjjjjqqqwqqqwwww. hola chau que tal hila','2014-09-11 00:00:00','2015-05-09 00:00:00','Diseñador de circuitos','89001'),(3,'La Serenisima','2014-08-11 00:00:00',NULL,'Pasante','89002'),(4,'Chemical Brothers','2008-05-11 00:00:00','2011-03-11 00:00:00','Técnico en humo','I89003'),(5,'Monsanto','2013-03-12 00:00:00',NULL,'Fertilizador','I89003'),(6,'La llama que llama','2014-05-11 00:00:00',NULL,'Telemarketer','89006'),(7,'Tienda El buen vestir','2012-04-06 00:00:00',NULL,'Vendedora','89008'),(8,'Software Pepito','2012-08-09 00:00:00',NULL,'Developer','89004');
/*!40000 ALTER TABLE `job` ENABLE KEYS */;
UNLOCK TABLES;

--
-- Table structure for table `location`
--

DROP TABLE IF EXISTS `location`;
/*!40101 SET @saved_cs_client     = @@character_set_client */;
/*!40101 SET character_set_client = utf8 */;
CREATE TABLE `location` (
  `id` int(11) NOT NULL AUTO_INCREMENT,
  `latitude` double DEFAULT NULL,
  `longitude` double DEFAULT NULL,
  `userName` varchar(255) DEFAULT NULL,
  PRIMARY KEY (`id`),
  UNIQUE KEY `UK_6r3b9p3cdx1i867n0uuojgvcu` (`userName`),
  KEY `FK_6r3b9p3cdx1i867n0uuojgvcu` (`userName`),
  CONSTRAINT `FK_6r3b9p3cdx1i867n0uuojgvcu` FOREIGN KEY (`userName`) REFERENCES `student` (`userName`)
) ENGINE=InnoDB AUTO_INCREMENT=10 DEFAULT CHARSET=latin1;
/*!40101 SET character_set_client = @saved_cs_client */;

--
-- Dumping data for table `location`
--

LOCK TABLES `location` WRITE;
/*!40000 ALTER TABLE `location` DISABLE KEYS */;
INSERT INTO `location` VALUES (1,-34.61458765,-58.37281021,'89001'),(2,-34.616655,-58.36461,'89002'),(3,-34.620389,-58.392098,'I89003'),(4,-34.315818,-59.37331,'89004'),(5,-34.115818,-58.57331,'89005'),(6,-34.915818,-59.37331,'89006'),(7,-34.612086,-58.382469,'I89007'),(8,NULL,NULL,'89008'),(9,NULL,NULL,'89009');
/*!40000 ALTER TABLE `location` ENABLE KEYS */;
UNLOCK TABLES;

--
-- Table structure for table `mates`
--

DROP TABLE IF EXISTS `mates`;
/*!40101 SET @saved_cs_client     = @@character_set_client */;
/*!40101 SET character_set_client = utf8 */;
CREATE TABLE `mates` (
  `userName` varchar(255) NOT NULL,
  `mateUserName` varchar(255) NOT NULL,
  KEY `FK_k6ke838lp1kn3iqpbnm7dft8n` (`mateUserName`),
  KEY `FK_bli0t8o6clpby9txnn8mpon6p` (`userName`),
  CONSTRAINT `FK_bli0t8o6clpby9txnn8mpon6p` FOREIGN KEY (`userName`) REFERENCES `student` (`userName`),
  CONSTRAINT `FK_k6ke838lp1kn3iqpbnm7dft8n` FOREIGN KEY (`mateUserName`) REFERENCES `student` (`userName`)
) ENGINE=InnoDB DEFAULT CHARSET=latin1;
/*!40101 SET character_set_client = @saved_cs_client */;

--
-- Dumping data for table `mates`
--

LOCK TABLES `mates` WRITE;
/*!40000 ALTER TABLE `mates` DISABLE KEYS */;
INSERT INTO `mates` VALUES ('89001','89008'),('89001','89005'),('89001','I89003'),('89001','I89007'),('89001','89002'),('89001','89006'),('89001','89004'),('89002','89001'),('89002','89009'),('89002','I89007'),('89002','I89003'),('89002','89006'),('I89003','89001'),('I89003','89002'),('I89003','I89007'),('I89003','89004'),('I89003','89006'),('I89003','89008'),('89004','89001'),('89004','I89003'),('89004','89009'),('89004','89005'),('89004','I89007'),('89004','89008'),('89009','89002'),('89009','89004'),('89009','89005'),('89005','89001'),('89005','89004'),('89005','89009'),('89005','89008'),('89005','I89007'),('I89007','89001'),('I89007','89002'),('I89007','I89003'),('I89007','89004'),('I89007','89005'),('89006','89001'),('89006','89002'),('89006','I89003'),('89006','89008'),('89008','89001'),('89008','I89003'),('89008','89004'),('89008','89005'),('89008','89006');
/*!40000 ALTER TABLE `mates` ENABLE KEYS */;
UNLOCK TABLES;

--
-- Table structure for table `notification`
--

DROP TABLE IF EXISTS `notification`;
/*!40101 SET @saved_cs_client     = @@character_set_client */;
/*!40101 SET character_set_client = utf8 */;
CREATE TABLE `notification` (
  `type` varchar(31) NOT NULL,
  `id` int(11) NOT NULL AUTO_INCREMENT,
  `creationDate` datetime DEFAULT NULL,
  `isViewed` tinyint(1) DEFAULT NULL,
  `userName` varchar(255) DEFAULT NULL,
  `applicantUserName` varchar(255) DEFAULT NULL,
  PRIMARY KEY (`id`),
  KEY `FK_t8co5610disdud58lt0bdmy8d` (`userName`),
  KEY `FK_l04owyjpk0nbprajw9a1n0p16` (`applicantUserName`),
  CONSTRAINT `FK_l04owyjpk0nbprajw9a1n0p16` FOREIGN KEY (`applicantUserName`) REFERENCES `student` (`userName`),
  CONSTRAINT `FK_t8co5610disdud58lt0bdmy8d` FOREIGN KEY (`userName`) REFERENCES `student` (`userName`)
) ENGINE=InnoDB AUTO_INCREMENT=33 DEFAULT CHARSET=latin1;
/*!40101 SET character_set_client = @saved_cs_client */;

--
-- Dumping data for table `notification`
--

LOCK TABLES `notification` WRITE;
/*!40000 ALTER TABLE `notification` DISABLE KEYS */;
INSERT INTO `notification` VALUES ('APPLICATION_NOTIFICATION',5,'2015-05-11 13:53:31',0,'89002','89004'),('APPLICATION_NOTIFICATION',8,'2015-05-11 13:56:39',0,'89002','89005'),('APPLICATION_NOTIFICATION',10,'2015-05-11 13:56:54',0,'I89003','89005'),('APPLICATION_NOTIFICATION',13,'2015-05-11 14:01:18',0,'89004','89006'),('APPLICATION_NOTIFICATION',14,'2015-05-11 14:01:24',0,'89005','89006'),('APPLICATION_NOTIFICATION',20,'2015-05-11 14:04:58',0,'89006','I89007'),('APPLICATION_NOTIFICATION',23,'2015-05-11 14:07:55',0,'89002','89008'),('APPLICATION_NOTIFICATION',28,'2015-05-11 14:08:14',0,'I89007','89008'),('APPLICATION_NOTIFICATION',29,'2015-05-11 14:12:14',0,'89001','89009');
/*!40000 ALTER TABLE `notification` ENABLE KEYS */;
UNLOCK TABLES;

--
-- Table structure for table `orientation`
--

DROP TABLE IF EXISTS `orientation`;
/*!40101 SET @saved_cs_client     = @@character_set_client */;
/*!40101 SET character_set_client = utf8 */;
CREATE TABLE `orientation` (
  `id` int(11) NOT NULL AUTO_INCREMENT,
  `name` varchar(255) DEFAULT NULL,
  `code` int(11) NOT NULL,
  PRIMARY KEY (`id`),
  KEY `FK_lo4lypyo2suamw0kuqvhteegd` (`code`),
  CONSTRAINT `FK_lo4lypyo2suamw0kuqvhteegd` FOREIGN KEY (`code`) REFERENCES `career` (`code`)
) ENGINE=InnoDB DEFAULT CHARSET=latin1;
/*!40101 SET character_set_client = @saved_cs_client */;

--
-- Dumping data for table `orientation`
--

LOCK TABLES `orientation` WRITE;
/*!40000 ALTER TABLE `orientation` DISABLE KEYS */;
/*!40000 ALTER TABLE `orientation` ENABLE KEYS */;
UNLOCK TABLES;

--
-- Table structure for table `picture`
--

DROP TABLE IF EXISTS `picture`;
/*!40101 SET @saved_cs_client     = @@character_set_client */;
/*!40101 SET character_set_client = utf8 */;
CREATE TABLE `picture` (
  `id` int(11) NOT NULL AUTO_INCREMENT,
  `contentType` varchar(255) DEFAULT NULL,
  `image` longblob,
  `userName` varchar(255) DEFAULT NULL,
  PRIMARY KEY (`id`),
  KEY `FK_lyw2vrecb83vbodehe9swpl0t` (`userName`),
  CONSTRAINT `FK_lyw2vrecb83vbodehe9swpl0t` FOREIGN KEY (`userName`) REFERENCES `student` (`userName`)
) ENGINE=InnoDB AUTO_INCREMENT=10 DEFAULT CHARSET=latin1;
/*!40101 SET character_set_client = @saved_cs_client */;

--
-- Dumping data for table `picture`
--

LOCK TABLES `picture` WRITE;
/*!40000 ALTER TABLE `picture` DISABLE KEYS */;
INSERT INTO `picture` VALUES (1,'image/png','\0JFIF\0\0\0\0\0\0\0\0	( %!1!%)+...383,7(-.+\n\n\n\r,$$,,,,,,,,,,,,,,,,,,,,.,,,,,,,,,,,,,,,,,,,,,,,,,,,,,\0\0\0\"\0\0\0\0\0\0\0\0\0\0\0\0\0\0\0\0F\0	\0\0\0\0\0!1AQq\"a2BR#3rCb$4Ss\0\0\0\0\0\0\0\0\0\0\0\0\0\0\0,\0\0\0\0\0\0\0!1AQBa\"2q\0\0\0?\0A8$	raJQ:\0!OsVm1$(Yf0$iOU?KuGp vfz[2{[df>k`ӮOk $\'PO!\01O!\01M!\05$a@	)B@W4\0BH(N8\0N @\n\\-t)Wh9\0^#jt1bPq?OCv\ZW4wMr8}\\ZjZ335WZ~\'OC(ԟyTĜ;mjEaI㜩Upu;5i}#4cOQ<on/J6;C\\֌YsiگT06^DgZ1ZݶUi\n԰鷈xNi}?(wFA;yhAծ\ZtSL ByB\0P]M!\00M!\00B|&I&\08$CN\0@6Vc\rh.$\0JzCHa7uLw h\0I{eR	ml2&=$d-Kē!AւN@|et\Z;Añkva>^Kf\\U+kh^G~/έ}I12\0A <s+%^W5xh:0a<V֍n\n\\ͧ`΀5Xao6]D:W1rJ^2LQmpb \Zяi<UBzSer.\'Ԑn-5)8K]߅ф=mҴS6w$4 +qN\'n_7UdT8qhAM) \nt!#	&	\0H@\'\0@\"\0!|gj\r4*$Bჟ\Zr<F{pa||81pEc^%z-cvGa./X}J(\\c\rcUf\Z\0vL@\\hw{g{G.:Uue;1=|x~Nt\n<ey4UKD7f{U{;wP:3Ǽ *MgzuXeCRe]+\r0EjuM譅fZAG<ǵh+@aqOs-aSs^템>NJCxj\nn\ZyxiONO6bmFcx2yo@e@wNP!xv/S]jl @I$\0(\0j)$\'N ND$p8$+kp:GEďK>KͿ[eT̘>)2Tl޵^]o8hį.zޮMf)4sbԎ#Y-vA&֜s>f$HVE&4fˀhgoآ7^暍ujE\r0,!MEN*a\0,U)\'zk\nşQ1p=!lLA3mjmduk,t1{u*II_Oy,^Xǁ\0KDH \"-3nR\0oZ_1Vmfq=p5}c\"hp D\rd%.\r@Ao\Zn-[8kM5,\'ry5⽒꘎I]8]S8z4{G`=ue],W~-u8Giz+lqpSJd!⚀ B() \0\'pN4\'\0QN@\0ۮmpc΃q={yYHwpݶdInsuK|BL|=[pNy/l\r@<ճ\0GTt^\'ph[۾iЀ{LiT{nӫ	R:0\'wނ)i49Mˏ`S89K:\ZJasnT+5hqT.?R-ܵL=J4[1Ot1^ZYE乙sxM;\0{2שd;\0p>\0PZQ3\ZצzK-|\\scZ2kCG !t^<v8%	PHҚSi@	E\01$a$!<&p@\0!qL9AӏR.é!f0^Q5Ϫk]0gmmr]=1cӵZf<LaQNRz#^\Zu94?uPYT:p܀[ծ8 EQnMk{z5jMZHk^ukKqZ\n=2n2&\ZӒOXa\\m5p*k<ci48ؠ+H;̩Nrpn(WƳ\Z+uv[Ha$~[QgZ	Z-AZc)$@P(P(\0$I!8&\0pNME\01wmzߥR^wz۪}R.scW5$UY`zԷ.KN1U;F%#ԋ*WrL5:8o\\rR`J/Wj=#)M쎘Ti,\0\\O݁Q.oΰJXq.IYnVՆخЧ	q2IyxTlgumR^\'&\\;KpN8#趴OcNL98-m \Z\n<Ω\\Ff9$%\"P!%	@ME$@\'<&@!$2^Bi?BxfiOG\0C;\'>0QLc<{a[8jԤz.; HQhksOSxFBpy-v#)XVm2邗\rLش1*e3x8vcg\rt\0%Sx3	⥫9ek8a$NeSWa\\L\0JkT-aÖJ\'=QeUn6YshE\")ppWТyզcE(B%0	JR\nM%\0	0\'xN		ɀ AEP#\'uRtP/Ǿ?m\Z_ZEQf\nbU6U\\,0mY=c,hm[27$6.ir\\G.d<-`t`j8|f=z}쟪QÎIRƠ(V2s[ӡ9p]\02&%l`+FV>a6ښ߆c+Njz]`JM3 &!@L\0(\0E\0B)xN0\'\0S\ZD\0UUmzO(~JQrꐹN3mځ!Tʭ\\D YZмЎڞu۩ԖcU\"D=<WvB{t8#{%jQzg0a@ \nkqi?U:-lv/qMR1a\\׳9֡<s-=Jbs?\Z6\\uVnӥ+64CZ\\jonL]yN!ADD(>]5o3kJя$\Z\Z\0`:FD)$lyUjg_nDa:y)7u[M8p4X+kUs$y(yoHTJȍ^ǩ^^m@AbVõ\09}pVnړt5vʝoa~b(J	&I$Es{A$t?nm>!*. %g/=\nB~APڟh:^P0\0Le{6XjhR/q#˃Ys_>[.e$?,W{%+DԆ+]<9)45\09K̺4$R2`\Z{pvTwjL9K#xiG}M=ڝGRwV@2*}{}G_\\jeWʥ̓<Z77g#)L98yy/r:u gv|J{lTǻJ7&U17NXt5Gs9%D{RnU_i8ㆫ>?%B\Z%߶h\"OE\'UG5@}Ñ#\\F}~ yUTXJ2?ԹM}SHZ\r#uL1殮(^߈{Cy\"_R{6hW:Xx}<w2ps^f5xq+zujQY]&$8N6?HY;=3\08[bBZlkA&g9lBvGsrNкjedup;W9=OF;ZRpv9+f\\<_ߩ]q7WZ3XJ\n;-1~JE;n>jK|JFQ1ݸy3)	QK&}ES]qy+JUQ1xگm\n,쀺>#*qjs!=x|\rRUGt\0(H7B(\"s˲9qu>)K*Vki?N>:?zh*](j76p;WJHwFy>txoTO#kH):*>]sZ,U0CʍpUlAFTx,ҽO4\\gJo[wVcvkmZg#ZZxpFx$c+sh8vtn`Oj9.RԪ@8N$d~Y{uYw6JIKr\"RQn\reGuh&|y۪wi287&\'/8vd)I%D7岦&ˢ|@T#]Tګ;ڭP?5<Vݲ^#Vm\n[|b2#`:aU,<ybuѹMeF~6:4\\@\"NH<U>iWCh	\\O\\\"E&ǜ{lꌱM,1fai:Rܸ;lmZz?Tc׬V(:?:yv_3k:9rvb\0f@p\\V]YáeӶӆ?0㋔]ĲX|fV^:a\\V12y~(5y$mN<ԸWۖB8\0\nǞ`\n>el[HN^/BI:81S\ZSܓJW٪cJW#.Ѵfڏn3Y;Z5n$o bH׻i\Z\0??QI~2\0C<I$63zY\"Jݙ~i?2J3y$T@\ZsRwI$Ɔ\r~\\[Lޅ\nvI>̩\0ݻI%ܨlEg|6I {ZyUU,ދI$_E$vY%OZ?\0Gr$Lg','89001'),(2,'image/png','\0JFIF\0\0\0\0\0\0\0\0	( %!1!%)+...383,7(-.,\n\n\n\r\Z,%,,,,,,,,,,,,,,,,,,,,,,-,,,,,,,,,,,,,,,,,-,,,,,,,,,\0\0\0\"\0\0\0\0\0\0\0\0\0\0\0\0\0\0\0\0\0B\0\0\0\0\0!1AQq\"a2r#3BRb$4s\0\0\0\0\0\0\0\0\0\0\0\0\0\0\0\'\0\0\0\0\0\0\0\0!1A2Q\"aq\0\0\0?\0!	V	R%HTB`!@1ccG.\nmq)[};}ıy\\{\0\nnG#[N#qd\'?\rmTZi1$sڿaK4[)*EOX24ne.|SH~3K6r-EoC$6{[؏\nBGPbgk*-/o);U	ȝf.<M|칬㏆V%:sL+AB3q\Z	t|cq%z.A[/gޮYYtH	B!*D\0*D	P B\0P[a\n:wJm{,iJ{.t\ri?RC[țK*r+ sI$\Z\ZE\rVGh,\\tkHQafF.y,KdqfRFAY\'sti%9cYDs#1MՇe_mI!xn\"<y;8eoO)@ς%\ZumVV31+~6paO.%EXyZ|@8r6&Ñט<]!*I\"\0H\"\0BB!*+5M>>?WBψoT92=&@*/5s-+Jndқq[ZF6VP\nax5d$k%Z.cp龹)IW|V(lvDͧN11Ǌslr#u|y9hպTn6v}Oly&؋;=7X9t)&ܩ&c*oa6?$vp&ïU\'hYoꢧ&ܲP]Tٷ6+U3Ke!kX>b%H !\0%H#	R%@(XL֗i?!tvT;v̿u^[*%{3UB8%MaL`=ExzTIP㧪h풷PG,b7jjɶ-Y9#U Hyx*7>\nbZe\'|},wNRt4XᗢU3vr&5\'\n|{e\Z\0I/{mV.7|ʱ;+[p~G\0;lVoeDf^o12s\\;_/CauhHx7yvt!R!\0!A*DJ%@\nl*KNjaRUnam\0#>Ie$z,`j B\rN`&ou6	S>Y[pU.lx&iQFDkONM\"Nnb,ڇ*IDk{K-V5]n`q!,ni\ZWmu}#fliVڪs&fθ\0U5˔:]^\"zWFMO6vyq9*	XP!#iSqؐ\"ѐHBD*TP*OR+ioSqk_ԩ\\iyRC0T\\yNEU04LͿPxt&CkЕmHl8ڟi+hlNWwtQS$r/<ʩT3#z;6iArh%Ljl.QO!+t7B=l84[vh;7J{~\ZsixcC.\"G]>7Q:]{.xqd*ǎ-p?*kd=\\GKHߩ`Ir9i]tѵÈـBD!BDH}>~E\0jb3X!=CsSbSRꖗBB^#.U-uU<	j68wGKC;\0YS8H\Zr^ytxj*Û4o\\\n咚IS-#lXB0R~XGM\'wډE8-#xZkyW<\Z4P3PƂ8\r!otkpMlU3.+	5zHTi6	cҽλX88SgRRz#[d6tg0{#Q@a50hcf6mRFYawک8Ԃ\06~v^Esf=?WhEGs-Lo$is/Լ*{}Vji1[rzedޤK8?/ʜ[!B*D\0\"T?EͰ~w/E\nٮ<?%B]^{~%N]tJ}<VtD-OzcB9^pi\nMhf\n3kᮅB\"a3_T%sI24%#W*=+J/`<_R3hU힫.Ó{U:gy^HƷdkQTʀ:\"m*Pǽ0TgT6$ze9;?c\Z8oo@lY?\0%<ErkG\Zr网B@!\"RJ NV{:l2[iW\0}OC n\0x\\2v^:mozRϏNgT\njHh)WYW=\nҶf\ZӀ+.m^0M\'oC:ibAq\ZSA:QgVWo=mNO|ݗi		{16sd:$߹TWM«Yqo7zFԜ0\0EȾ$sO`L+bi%v6J]p2Y%CY:jyM,<ї(8\0SuU\ZhGC6mh\0jLٝlx!	\n@`bHV\'B=xFh.3{cn\ZW/YF@v)9Y=GQHޡM˳zVg=K{|6 9l7]nhpxvf!\\p>]qVu˛X-j/lYaIZRme;.qZЎ(Ӈ67OhƘ$2uPI---#/%y<Va]nA3FKkP/IrȫmMl1k@s@f;Mmx86Z%TWXxZhv)Zt\'Rý umc~a\r\0/	+<Z]\Zji`+?K{N\n!\\j1=K7dCqx#	xA2.|Oߒl}ZᝣsPx{8{Ǔ@X}V3&]:^6w8H\"\0B֔,RIBT[X\0_Pi\'M1̪;8MMG:=7*B\0?5e7l#.|@U	\\ʙV*GC}9UW\rgpS3\ZwYkNr^^߉T\rTz<i|)zqIF[z\0PcNٻplגO\rr%l02](g.DRNn벸qm|6\n6w$Y[I62b<wCY?xiu+t:G<<Zٹj쇙+|qsgh]̐:+iy5Shk[}\Z.z`VNkIuQfF2f״9-\"TBRPJ\n?`n61=\Z3+c>ovC&i)Z4Lu(،~c%a2T<+M\0x-7om\r*>?js1GxPꧪ?JUX1d̟U_!X;ߚO9ndB-4NY\ZK\r,p<Ejr4a+g,q+ˣD*jV0\\9OT\\ě֧i5Ck<hU&Xusݩyo;uu$Svcx6䞪q.ahm̭r跺{5Eyv%\nv:-4\\ۘD!ah{xD-l	8/}]$hn{Fxxf41۲4h]rmx-q<7u@`[Jږdmĩ4؅(ؿX\"ޝAk?|#Y-e7z\0bjkt.{\\KZr]#\\r	.Ja;c\njiN}@U\naGo)˥ePVSR\0\n!YPD@vsy=UgYuW6E\ZJg!Ç\0J\ZiEHJCnfYm|ib!;DԍW4J^jnV20\\Hn6Ob74w?_$	;W[ٌg<y&ծq46J@xȦĬKJq6o&or2uOEjB\'oF1HWLl!LoYt>\\\"FN\04?\'\0L\\VUV\0[E7l9dT3jktnEلNz&$dVI;6Sg}=t4GKd)&18p?atL5͙W:Rx*wNNR^]30gF4\n@.gUgIXw\ZQteͶrt<ay,O22GK|ڹIC[AT-DLN#n!`\\yȕDYY#\ZN&-jTT#x!mO|4hTHpCx$B\r$<RJ\"-s|gBN^`PQ!	{WT{mVhBibtJ*؟Ĺ΋\0O4!_Wj?|pH:p{+P9V.H@\"','89002'),(3,'image/png','\0JFIF\0\0\0\0\0\0\0\0	( \Z%!1!%)+...383,7(-.+\n\n\n\r\Z,$ &,,,,,,,,,,,,,,-,,,,,,,,,,,,,,,,,,,,,,,,,,,,,,,,,,,\0\0\"\0\0\0\0\0\0\0\0\0\0\0\0\0\0\0\0<\0\0\0\0\0\0!1\"AQaq2#BRr3b$c\0\Z\0\0\0\0\0\0\0\0\0\0\0\0\0\0+\0\0\0\0\0\0\0\0!1\"2AQBaq#\0\0\0?\0\"RLICP1Ƨ!r\Z\\4nt)!\\]B\0n#}?eTcD`qXZnm*	@VwwEIdC0$)v	N&LWD.!л|~jdPf$@\0$Ыc>ZWuu][UT$mt\0\\\\tR(2`Aw7)^rLG#j>)C6qTqu/rM!q:W\0u\0.iMS;)Hj\r 	FJ	IZb7\0J\"\r=ɩ\\XT;5Ѝ|V=*rDD[ͿD\Z	74d\'9$qgZNeXװծ}y?gdIwmM:CwEVv!\nDAB\0 B\0 \n(j\nP\'%:n\Zt)BR(\rbDȌ&;Zhvv?x{\ZƐzrn⪫m!1H&q\0Vz[CVi[r=q\"8\0M[x7^enqjkQ܍ncb`H7ES%:]s:/J(4	ˁYVeP20{&}QEFAQ^]TbI4ԎyԶRme|R_Uk7UhF]l}<`N-uev>8_0/\",\'\rW/ߙ#BS,kqB B\0 B\0BrÅu+Ƅ0S\"I6L@!08Bv\\v|F׀<C`g\\Fjd$w##TPN[TWNT}4n~Wsaboo#ڧаW1W=YGh}\r\ZKO5R4)O-MWUY3YNߧn\rrI;ưB8,W9`q\\Hi;2jaur+\\!Oxj_	$gcZ׶9#wdIO[|k%T]z*B!\0B!uY.&!Ƅ4\rHD\'m B\n\0SNN F%hn{8lTz/$TZb2ſGo%d(P\"#\Z\nzV6w~ĉnÈhֿ]NZz?A`y)qa=m3fֈbvNsZK%ZvmOD\Zp ql9	kE7\nIZLj.QƻnTa4lulJi!`[l7VR<h\"05OUe#ɬ)2XP˸!vLAZg\nh&+@iTr83M,H.Sm{~#k.\r򱤗I:m;\rP(	wx]SEuA !tN8!@\0!@B!g,54&:\nr\Zl%CR)jpu\\B\0Ͷ>ȃU)vP/#vʁ7=ut_}VfffH\ZєxJdƜiKNaAE-:SQNh44ܧf	$yQv!O\Z:^hFV)c*ak;#dX=NCo[Mk[&TB3&6H\0z-AAX3$\Z{]=\"[[[m:!k2\0!@\0!@\\]Y\00U)ڥ1 )%1-6L@D,V̨SR#ixPh9mf:h7Ϣt4Pr$$LsCYC@\Z8;i)\\NrbEk⣶Q}ܴ#1t**ZB\r,G^+7q4vc2ئ9QÝbjdHs26VHq<YaP\nn<h\0\0SvV\'g\'%U<ZyE\"2E^78e-+ LfpZc7y1_V5U4uT[I!\0B!\0B3WMjʤ4n%$qFD@S\0%7\"jy8$!H\\B`up\0BFp7m9IO-Ts(Mt<BŨݧwo=\ZmǺ/\0ZftA-	\0\'F\\`kS*L1Rz~c&,UE8z\0Vq$&;|պDlѠFK!>	ܼ,`Ȑ_V\0Zj,45TMِnÌ\0q\r\rǡ+0fqS9m!\ndB\0 UIJ:P\"CEB<|aI&jR\04TlY$:FƻAC,ִ߉b%cv~,5u\r@h55ϱC+54kKTГF$Pɒ)Vr)àYl#\ZcMc/1\ZU3/J#QgcEq㍾f\rA\'?|!*bRTҰb&#*:5u(&PQX^­LN\Z$Dxnr%\",`Tۛn{nIl4B|dJj=\'QF#9[\\Nh0_qŔ¬m${#747W:-y>GqkObiFq]\Z:,KO.eСpհ\0ˡ6\nPT\\.J\Z\'T<Ry$\nTm*ObGe(\rH)%(QL+#p|2]iƱ\r;Ma4^aL\n_qX_U)|I/hKqkGZA-4`UWF2<?wE\\zO1~<ߍo!6+vԦf\"@G]07O]1\'7Ed|6\0#]7ԽE@U\\aU!N$ȸZ=SOŚu73R@	)0\'@Dy:)dܚehzq\\4fRA\Zp>ٗe=Ur݋-a.IM?&AnI!>0eD&9)0 ~\'qRCuj_VPwL7jܵw*$$fG8\rqp</ cƂ;LwЮ}Դt!o9pRl%p$p+%x#9*\\-G<qU*	$f0.u7K͒]IEq]*\'+`)mW\"%`禜驘n=rO˞a8ӨnWa}U$=g0{\\;簧Vc\0 p}CYLR~AJ8V.Ybyu>J\0ew\011Ҋ4ca6U\\R&@wl_<^+HuB`OpҫJA(;0C(T͆3?]TЕIIGsg&fKzrKC\\R!\'aURc1@8&)Wcәf(}Hctw.7<!TEwifm;FJD(q; QceܣOxזѝ?TiZn⁑P\"l7:YAY`qo64ښjtz<yM5,,Ń&!BG&/$gk*+fH(\\@vރG)5eC3\Z5~PP<Z1wEY6H]99?yb*nSr ҬqP5ޫ\"3%Vl\0c%&?u.wN\Z9x2A+\'|TbgYIrDPx)ȏDJE}#7J\"QAkd̜*ɹVRϦ6\ZSD0jnzUUFAHJb~2㩰P]yN\'1ɚ17d(\0<u*GQ~~cNʇ<u\0(\"6;yƩɰ>\\-\0JMo%+1C*wۼڧUJ	#ȥzqMgOţFPNuǂv!.wx}/oAG|RM4X8\nƥ8CH;*LQ:fTbLs0ês54ꓕB.V;b(<pX<eI}([dF.}jj7r\n}hqr\Zo#X*;=oҪ~R$6.ٶ`-kD6\";^Z˫ȱ)e;Bv3B=],1ޜB$+w`F\'=J$D TiU4RVnZ!WQa?,0T\\9\ZVu6Z8&^:ꈬ\">x[3D|pm!-\'{L\rA>\n4դ\\wtÅqvoLAڔvf7hS\\?Cn*/%N;Q{W4imSJ>.$u(4h]/RQOQh=[d\"W`G$F!g,j\"6R%Єy$jBk/w<![k-WDC&B\Z.ؙ#,cln]y\'qFtu	>QjJN\ZvPeO\'Ni=O&iQbjP\"OܬQ>A8+C+WEL\\iaZ_&u*E,a	O5W;Ƥ5>C\'KCUq.XK拤qB-T\\B3ݥ{-B]pxr','I89003'),(4,'image/png','\0JFIF\0\0\0\0\0\0\0\0	( \Z%!1!%)+...383,7(-.+\n\n\n\r\Z\Z,$,,,,,,,,,,,,,,,,,,,,,,,,,,,,,,,,,,,,,,,,-,,,,,,,,,\0\0\0\"\0\0\0\0\0\0\0\0\0\0\0\0\0\0\0\0\0@\0\0\0\0\0\0!1AQaq\"2BR#3brs45C\0\0\0\0\0\0\0\0\0\0\0\0\0\0\0\"\0\0\0\0\0\0\0\0!1AQa2\0\0\0?\0B!*\"4ZPlոāݻi>h\'V_/ssHs 0WZ2fqi.-15ѺJMgUX^\0`p\rn?qowi=q\0yJ\Z@Tk\\AĈ\'e!yu*Kל%srI2`\r&S<~zhs-9趂d=kZ\0__kzۂsvD~315*.jXװ59EoVT!@!@BBB%H*TPJR+\nƗ=K@l%suSV5;֝;#)A=b+ݡvVNΣD\0TAfxNԹ.䓀wN`|J	\\8`J5ی	ZB>k\0CK7Ǟi:2\r3T$m6n&|\'nـ1hR $QL@QsY Kχ2\0t|3H-Gqp1Gi}F0\\Uk\0R\Z\Zw\'\0zJӺڴ-8q2Ա|	%5K*K*4$H9ZluУuAi;hCaq5$dHBT)@J \"\nHI$\"TthЩU\Z\\|f֙UKI$&`p~b٦*W LHU,\\V{6[[:RֺSDdָz]V2I[!eĆ֚\"rhRF\09-vB&\rnkMKKv-;s]9j8#=KT\ZAqgUlzSɞΝv;kT\0M6`8uƸ WsJ\\P͸t{7M6-up{lB,I	aBBЄ\"BeJմb\0qH	qqUW8;@7.wF Go_[gբ2Y,%X-*,6Նԩ{st@	lWR5v7SxDi  ONڀ6N\0d5\rZ,TKq#\"K>ku\\H+v[whBdXyA0=W[-!	PD,B2B!	R E8kjGdg-<j95KsIA;@SmbuY&ը@\nSB\ZoOmꁉ09 mTޏ*\'3A³g\'Ȭ~5\0NE6pjf-k ^U@?4v0jtG@ޙe2ORL26NlQ]I[iÀd)m\'RZ+3go?\r6Xjmwx\nlKv%ą+a~ۆ\0E7sV;KNN\0j{+a0vnzmgUVF[lR=)\0YBT.	aBB  03\ZD\0WO\\KWiP|!ac*oOrW\'0LJx<\ZTK$cC~a[)ܒ$,׺\Z~\'O\nh	#TLt˘CkAVlֱĹ4\'dSȴx):Vo)pω*Iz$otWA{`7-wV	틅9P4cgd01K[>L\'*I=\Zm;\r-nOʑeZ$蜵%eS}SBXŧM\"u\n\'IoDAXF0בCLN!z0!@!@!@!@%BBT Fh\\Y֦0`.i]#8BK.۪S\Zf9N\nŮڴKnX=~æg޹֥gV]]U\ZTƆ⅞={^yO\\Qb-e\"ks;,moKKTv	Vm #<Rh6	.DA䵳,nzfyJZ:64%y䬶tfc܈$r+K	\nBjn$n?ybWn~jGES[?ҋsV]Z\'fSˮJJȄ@JR*JBT{A/1\r,\'q̃1y%i=v@ȯJi̺i*wdΉΎ|<&[a[OmptĜs\'):c*4jӨ5~e=g5,/IԨ`4C`ʽ\\𖖁ϊyQ9mh&1ޞq-GFZ۪f9CΥM88-:!MXi!\'yKRY	kmU}F8\08ޤ`7V>t;f6\rhh\\\'4o.Ԯ>_	PBT D!!!BBB\"T κh߳W0MWQUǵƑw:T%I\nS|tMUL.oAǺ,lo5\rVA\00a	춷́(>M\'Ovϔ\'Z	yK(JKpZ59B`nsLԀ}<n}_&hӇ8o?56|yr5Bf %BBT!2J*	!,&R*Vah^h9lPg\njɭY/\r1<U]:,5~-RVL%@flJ9Ӷ.Wr0Kh\'Q4}ah\"uK\"2[v#4HzUm8&.;n80q@u$jzuMh: V?~HP܄BXB\"TBBT!P$!B!B\\KMxvm̱y?iǘڦ:nuL^x$]ε]*EBT-R0 &OA9&o^#e7y;o>#ȄEseMt]V)L8-LO0ڿVù|ZYfTpqRrQ]T~ڈOS6dM=ZTՍ0n;FƣH ǉ*쵱ƴqtʳv`<BڣE@5|!ފAv8B@I	dPB.[سjDxi\Z\Z	q\0$\0$/^JiXvFƘ]U\'\\uɥCu&\ZeTu)ÈQ=*{2yV$O)OUj6O-p Dg+L;x\'5\r(2΁NP8eŪsxM-8xgw*ni,=FJE܇C!ȃJ;;V]7cN);t	|U){c-=\nڻpe lv YkÚmeA4y,i7BhF4\'{AT B.~q*\'zyX]&\\8\ZA>dpXӢ<SgI,˚[6Z 4O<ioTo9oi/m71cAcHCvyBQYYv\"#B\'#zUQ@4v}ڵW\'=@\\fB:C\\	[^frFCKHȃt!GN=G\\\'BvyB+`pxUDviV`n#\'-W7nQz!B=)(S5+m69hǐ\\X\\cvgHY\\KZ5\rJQ>#sMAe oPcOWWsL2]ԭ#f* 7)wp7As?2-X9n?n\rΞcSI(,ڝE751c\'<JT݊뺍\r\0sȞ#Vņva3u\ruGvsWU,ppT.]SVp\rkݘ\'~0]h\n>IɃ/=k?%_Sv:m]ZqUX{v^I{fZgvE#-[jͳS79g&g#NzwլvVkdӨC\ZZ2\'1Z<AˇopNØBQG\0\0#1gf)AI>HqaVŤ^#:ڭFn*x;6pI(=5\r@z)墺emö.4NxAR:zw]/dG	UXy-ol@)a(B\rui`@#nwoلTj4+90Zz-,!I}vfcÛ~&I 5*aO ӂ1xcپ!C㛚>Etda^*#aNpys`ɠs1=9FF9<z$H ŧ1PSV\0FO-/E3WɦebWIA5D_vTsJiZ\'~,,\'V:Kg:`ն=iȖ;CvShy?5#ր\n5Iu8ƥ\'\0i<#ŭ:;uif]L;DppzzVV,syHܾVfxq0?]qxX;K#VR׳0O6cLB]?o\"SpF*%+~hBKǢbwz?\0U$!z쑸~Ml\0C!\nozewЅt])\0/o$!r\0U~\0K\05qR!tO|\0W\0M;fZP?R4j','89004'),(5,'image/png','\0JFIF\0\0\0\0\0\0\0\0	( \Z%!1!%)+...483,7(-.+\n\n\n\r\Z,$ $,,,,,,,,,,,,,,,,,,,,,,,,,,,,,,,,,,,,,,,,,,,,,,4,,,\0\0\0\"\0\0\0\0\0\0\0\0\0\0\0\0\0\0\0\0F\0\0\0\0\0\0!1AQaq\"2RTr3B#bCD$Ss\0\Z\0\0\0\0\0\0\0\0\0\0\0\0\0\"\0\0\0\0\0\0\0\0!1A\"Q\0\0\0?\0\0RR<Ѹ\'              f35\ZIua#rfVF-3s:z1l}9opIuc[Nw-Qω0k=,neq3.5ctON.~\0P5%.Pp7OB\n\rha>D.{(LD@.xܞڏN.1/ՙST4Hp9ส\ZL51t|U&CC7OՋnWpqV_ʶY\0RI1\r9ѿ[yyih1^\\cS*}o/*m5/xC߼k*md\0Y~WpK>wdnSR˟$+r>:N<kΗ[Ou+,ՋΗ[>֔ߕ}iK]s\n{j=Q)S)tF䞻!!9?DnRHݽ-	4\"l]dDU7-Ę$;\'PU间HhphV4=(#|x-.iViy_t⣯e-b?%2h[\rٽHnH1+Mwfفco;\0Wq\\1~i is6`|1@#;M>JPy\'7*D߸ҺU*\r֡-8UUgȼwkVSEZH-%^4vg\\mS.:*ۮ<7+kC9i45A<.Q3(nBgw)]Dsaw\\R%HSa!JSID:]y\'R=lcBBsV~ܤP#ry[z9	MEBDv_Rm2s#?xW8fii;:hCZu5`8BrCZUly%ZϨ^f>CNho{UGX8w=@6\0%qPs\\%|f,l	ܙQjʕ٤ڣk)U8T+36CZC;;V͹h&&Q;\n[}LۜFMjV/꿲|{@Ug_\0Od%?\0(\0	wa6ZxSe!MURSIAM%J4tF䞙K7$!@!A#rGgX^K\"@!	aRܩ~i,q\0g:z$H\0#J^[k\'\\D4F\"C3wl>r|yž8Gcs\ZLΝ(^qW2MuG׆&ʵJ\"f]rIOq]*q\\OK2.ǈuY.+3;\Z͜WOɆ8f[$p3v	{C:!bؚ\\y;7*=+~JepnS2L&ڙ֑$l+mmwD2C8^,lqF0+SJziV4F䞙G7$P!\0!5gE\r7)%x\')%<I)!I(DnVZl1c@0y-Y7[HX5*g3Gi%as)I\nʹ3١>h7HK֗5`^K/R;[jSɒgx*w9D!7U96NLz7@+6/BIث{\Z]2+O\\)ݡVսs9\0LI&{%Y4-xh<a[WV|GAm\\qѸjaU[Y-\"N\\wF0Se!(䦒)	R;=y\'Q=z1P!\0!-g<ѹI*9I^hBlTy\Z:R&%O%!*ҦC(*9Frǘ%S՚y=,U6<aEŪ9-EڗHp8q9e&FKdh	SRmsYZGՅ7[T]_9ۭ#.\\Ѱr\0`3,ԛ`.)et4֓q^:8G+Ծ0:Kn3vè\\^]qYiT+(Kϣ31war3L8J=I:-<פBBhܥ^I_3s{zH2Q*fI)IҐRJ*tYI)N.kܕeR%%$h;Vr{LeesK[\r;UCPJ%QbXa%\\	iSK\\Hryruc~*<TCA:~~oZ{,\'hw<Q4l)RcM#ysΦ085GOFN;ȿWdnezof4q3^\nQ-6@.B˃WnR(\rDQqwt[y\'#H  7)Uk;r9|_^BHJSerdⴇILH\\bJlyN:Izɩ]\\?Y[x\'.>Xg\\|yx߭}Y@NJ\02bJf\r1C^ǆw\0y9-먞y;U0շZB\nT*:CT0\0;CGq#+%[tkO/46p1k4|N;qQ2ѧJ(kdڹ\0`A|+rT,gDAqd;Nl-T8.%vf5\0A3\ZU+,\0.TkrAw^pUV#Aԧ?ɍeܬ#Hc}\\  h;7)+;r9||o[\Zz/|(˔naƼ9z1\n#Q`r\'0~\'y\n?9/S(Ux\'	9P	.nzi0c&8|V.c:ē6>%jMgMv1\n7Ռ%W@!KG4s$gF02Iyy5ƆݷO9m̟ZI5{([(ac\rͿT]U\095Ѽ+3+41	?;V\'3u[qM{KPBԹ,WeD)PIءc9uM*A]=^.Aڭl6wS5ڥRu\ZЩrӅӖSolvaAL}=2  =Nhܭ2̠bEgǧafQ$s&hҨ]Lo;Uʮ̴m1xpL\0nXKxQnzL.Zt9IR/Ը]r+cygs~\\f2׋sY\Z6a;\0>p	lN>EP˖\0o/Tٚ;UqZcicd1&hO4k\\Fst\0dK\'^;~:ۏ._\n1劬.2uI:Oy-uV]^oV7:38\0 IܺgƹSܚ\nq)K\'+Y)UT[,e@9Kbn-78|F2ɟpmh94\0pd*5W8G贛R㸨)RJqV>}=:l  *.nR,eja5(e\Z{Yz[bB?/8ZyPS`\0J:_tkKNW8e6m{.+!:)J-3u8֎)˗lT\Z@ݷhUb^,h.UAQg\rx;Ze[?iī!:r8\\O&`	Ęjgmɧ530ի\0dGiwD&8w:po`;O,;]_dtΨ[nyVfY`m:8:Wy+V@rdWE,tϚ{.1\nV{AcS8\ZoSZ|>Tq7U}9a{\r\nu\r\0Sj!!>on,^C<\0C8)>Zgº\\?fl~C3>Zgx/aA@^f=8#ŏh{pO\ny*;*\'rj?Pmy/cZ\\zVgsP8^\0E/og쾯GݷRf:ɐ46.ֽrz?mS?\Z\nC8;IهzvOV(Qq1qYyRpl.4kv/~}^orfqP?8Wv9OqU\\ȼ.YIhS\'76M\'rKw+=ޛk@	~XZge\"\n/w3cjy1cZ\Zxu(`4/&,~C3%gt\n].6/g HpBB6nNBBBBBBBBBBBBBBB','89005'),(6,'image/png','\0JFIF\0\0\0\0\0\0\0\0	( %!1$%),...383,7(-.+\n\n\n+++++++++++++++++++++++++++++++++++++++++++++++++++\0\0\0\"\0\0\0\0\0\0\0\0\0\0\0\0\0\0\0\0C\0\0\0\0\0!1AQaq\"2r#BRb3CsSc$%\0\0\0\0\0\0\0\0\0\0\0\0\0\0\0\0\0\0\0\0\0\0\0\0\0\0\0\0\0\0\0\0\0\0\0\0\0?\0pF-8է\ZhȑN=B*E/V\'0apBacM߿BY=&%<Pmw jlXiM\0o5M[OQNWJ\\>5yEki-XZz@;	`%\\iB(:,u@Z\'Rwj8IPЫN}pxnq3A+FDaY%(0V#X@\0\"JVV걨#P@$XYX<:\n\Z>>3oZֵ-JBt?M؛DXt<PiMB6ph}{-3:xYl\0HϬaZVr|/7j`ml9Eba*^0^\\y_0{ǃw_m~\ro)aa(^1RoTm$\0NV-yYK,S	eeaD\0 0 46GH\rDrŠQ FTFXӵ0*aE9.vMPF*5GqZmm7;	jjXW\0`-tkYmKý`7;yFh)p[s֚L<WB4F~ u&cJwIlL0#.9NE<Z\\uXDek!{fMy|w糋b}HĪ4q],ԝ:[~YkjNٕt1\\M/CN+vkWmmA\0RR?f}\0xa\0Ǹ\"e\"Xe\"HaL#X@\"F9\"XQ\Z\"5DA4<OU!@Pm~#$c(Z<Gg9)ĚT%dofp5:he}LH$\\t6wJ[9dË*鲤P<aeק &Wvm8*@{l-[xV8+݁ܐj|t	Aj3xi1et*:Q7\\mcXRBP--	G,uMGf\\MFQc[T!b\n{]EƔju/nS?}\Zto|B`(Vz[[\'_CfR6m;)-S\rġ\Z(!u:[ijd8s\0ۏ̟FEaimn@E7^[[so7Z5qU׏D_\nZj*T^3,_MNIs`fE4[@KF4dA3Fb5DX>\\.rZ7srKa@\0K@R[-S\Z|5ΛXxNIje`nrKXi)bm//9U-5:W6\"ep/HKz\r$|^CŶ%J$b#niӨr-3>!kl_A}Đt<\\?#<rJ3xxC-e$]E\Z\r;Җ\rw=y5)/	P)m&Ӳ/MtVq!˔֥VjG)X\r4ďL:iɔ7S 00D[Fh\na`$ŴsE\0@`Z\0kk#ZƬIRSmiT8OeDk`bqy<Iur%6n{]XټrhhtdJ^-9EP-燓/5x\nV;@WhPH$dH-STnDihJ`khV8:_TZ۪CEƠ؃Jab3=͂jX\0t~t\0:h&,Y\"4ŴcXE05#XŋXŀ#iE_ܭQerJx:\Z}IԟjfUTUСwo`i1^iC\'X_{7[A,}] n)<mZ-\0j	ձaHQSns#Mv\n-\"XTЎ^J[k~`lfhCw!x 67Ύ\"-_X1?e/\nn`43\0Ym\ZF\00V?	#j,RScP1P_>TWR5\ZnAmF%:^ՖtKx<5*kJ=:i˪\\y2ǖT]>eK\0koIfֶ,[AY5Ks!THv+3FR>3YRc\nTڱ>teafPGCi\r\n@inyHz;TS_RӋq{\\߯SE(I\"^m]m</\\n4+zh1^#uT^%ݮmmF8pE\ZINݼW;=\0\rZ9\\H\Zrp-a1`Y`1\0` CXb1bbj,X7 %3x@eD5C@NE\ZnfqEmePw\nc,`Ut%P[RUYp5/on[hƭ`oс9kM<uGhUI\rnؑ~k#ɷ!ZH[-}y.\n(-2Tz5+*8.tˌ0SƋh\0L+F-	~HX\rLXXC\ZJ\r373Y@1ߵAAw)9_5\"?,rρ*G1,x\n>bjar&k|oftQ5~_	eF}f*n	#S({{\0]ggڨk7%eK\rq:2O\\=v^g: Bhn[M¨UU@\0\0\0\0\0\0r\r\0Z,&@Y-c\r4\00a\r\0(j`81 JS0d@j=10S\"{xVڃ9z7~_)W1H\nbK\0c\0o]4<Wv8zJ}tGMpU.M秗=~7쓳kPP\Z&U =Ř_sG`\0\0X@%[XZ*<6%A&zaca\0[dŘ\0	,LaF!Lbъ$)YLjf|PeZMK\n.I\\mEZkdZV\r&N~H(];sm9S[Ĭɓŵ;\"\0V\Zչ׿BOC{u?(Wsv㑷:[^_+\Zt,R@==OHmy^aԩN\0MJRUFvÙ0:5Vkzʶǔ`օ\Zt@\rI\'ScI`2Z0<LY3$Ŗ1ḏcbə&0<L`q@ևV!ƭHkR1^9\'v&RVsөz4qok09\0m>2=\\{p򔬃v>,.ѫJL*ڵO\0rCpFmYkhj:];;ƕ2EvH\\Qz;}N\'0!SC@lM\rO\"N.a>\0i\r{\0\0\0\0\0h\0\06^3A&	0K@\"bɘ-\040<Li`33A-$Z<5y\'Xԩ5VfcJQP@ܫcE\Zl̞zFa~o!4V9A\Z;iC\'4o$doUE;|Lgjv~&_B?h޲9Ue3eï	.i+&:P+SG\0b)b8y?\']r)]\0Q\0ʳjR#d\r-\0/-K@\"A&hLh$-\0fs,f-IUb?T_NQ㚵Ff==_.pӪx>b_ij)rm%kRdfzюJVYpQ> NQ秠.\0A&zz\00L==\0&zz1$==','89006'),(7,'image/png','PNG\r\n\Z\n\0\0\0\rIHDR\0\0\0<\0\0\0<\0\0\0:r\0\0\0	pHYs\0\0\0\0+\0\0\0tIME:bZk\0\0\0tEXtAuthor\0H\0\0\0tEXtDescription\0	!#\0\0\0\ntEXtCopyright\0:\0\0\0tEXtCreation time\05	\0\0\0	tEXtSoftware\0]p:\0\0\0tEXtDisclaimer\0\0\0\0tEXtWarning\0\0\0\0tEXtSource\0\0\0\0tEXtComment\0̖\0\0\0tEXtTitle\0\'\0\0IDAThIsF`\' c%%8K9Rq\\c;\rsXX-o$2;`z\Z_ܷ8`\0\0E5bΐg=mpmUB3Q1\r\0@uRڳ\r8,Cok3g+qHV@{0!?ejL!$\rxatIAdy!%.:w_Ј;?\naLIؖw4t	5IQ+*pQз)^y6(~[р=@3Yv\0.*,F>>4t4઄U=th^4^&5ueְW#\03ALi(\']`q8ć)IU\ZXз|Ty*\r::\'uF,/I*4nKjOS\Z8͊{f	IX%bۮVIFlK9\0\npl,w)cxx?1#Ş$&SΔM^,U\Z	i4ZBT?l8g]z1p7EqK\0NX\nf^P2jexfHdaMX\']J@rǤ\0zFRVguܷ\\N}Ke:~xҤx|?=ksX߱U2`F#\Zmkͭ\\gOZZqVts{G( &a|(ϵVx\\jfCPI7ų&F%g}6qh{pW,EC8$zJ<VB(\n&0ݾ]qE8R](\nEX,O,>y4qê߫H	XznWGxDGM-N4ME(@+?moN\\Ţ\0N@w(\n\Zb4]Mw˪Tt<vPSB;69Nc<7d(\nFVma?RNo\0\0\0\0IENDB`','I89007'),(8,'image/png','PNG\r\n\Z\n\0\0\0\rIHDR\0\0\0<\0\0\0<\0\0\0:r\0\0\0	pHYs\0\0\0\0+\0\0\0tIME:bZk\0\0\0tEXtAuthor\0H\0\0\0tEXtDescription\0	!#\0\0\0\ntEXtCopyright\0:\0\0\0tEXtCreation time\05	\0\0\0	tEXtSoftware\0]p:\0\0\0tEXtDisclaimer\0\0\0\0tEXtWarning\0\0\0\0tEXtSource\0\0\0\0tEXtComment\0̖\0\0\0tEXtTitle\0\'\0\0IDAThIsF`\' c%%8K9Rq\\c;\rsXX-o$2;`z\Z_ܷ8`\0\0E5bΐg=mpmUB3Q1\r\0@uRڳ\r8,Cok3g+qHV@{0!?ejL!$\rxatIAdy!%.:w_Ј;?\naLIؖw4t	5IQ+*pQз)^y6(~[р=@3Yv\0.*,F>>4t4઄U=th^4^&5ueְW#\03ALi(\']`q8ć)IU\ZXз|Ty*\r::\'uF,/I*4nKjOS\Z8͊{f	IX%bۮVIFlK9\0\npl,w)cxx?1#Ş$&SΔM^,U\Z	i4ZBT?l8g]z1p7EqK\0NX\nf^P2jexfHdaMX\']J@rǤ\0zFRVguܷ\\N}Ke:~xҤx|?=ksX߱U2`F#\Zmkͭ\\gOZZqVts{G( &a|(ϵVx\\jfCPI7ų&F%g}6qh{pW,EC8$zJ<VB(\n&0ݾ]qE8R](\nEX,O,>y4qê߫H	XznWGxDGM-N4ME(@+?moN\\Ţ\0N@w(\n\Zb4]Mw˪Tt<vPSB;69Nc<7d(\nFVma?RNo\0\0\0\0IENDB`','89008'),(9,'image/png','GIF89aXX\0\0̭ٽkдĮdߔc֔c֔Zs֌\\ΌZkckkSc~RfBBZZqJc;zzz{/Z9TxjEsRsaBx|kfffJj[:M/\0soo`V8B^o\0kVVVB)\0fcUoL1\0^:P`WL\0XGGGcB*7!k<\'\0Rz1ESn:\0MBV;%\0Inf3\0D:(:FJ1!V1\0\0?_,26V)\033\0D)\04M:%J#\00)\0&->)!\0\'=+,\0!\0-\Z\0\0!#\n\Z\0\0\0\0\0\0\0\0\0\0\0\0\0\0\0\0\0\0\0\0\0\0\0\0\0\0\0\0\0\0\0\0\0\0\0\0\0\0\0\0\0\0\0\0\0\0\0\0\0\0\0\0\0\0\0\0\0\0\0\0\0\0\0\0\0\0\0\0\0\0\0\0\0\0\0\0\0\0\0\0\0\0\0\0\0\0\0\0\0\0\0\0\0\0\0\0\0\0\0\0\0\0\0\0\0\0\0\0\0\0\0\0\0\0\0\0\0\0\0\0\0\0\0\0\0\0\0\0\0\0\0\0\0\0\0\0\0\0\0\0\0\0\0\0\0\0\0\0\0\0\0\0\0\0\0\0\0\0\0\0\0\0\0\0\0\0\0\0\0\0\0\0\0\0\0\0\0\0\0\0\0\0\0\0\0\0\0\0\0\0\0\0\0\0\0\0\0\0\0\0\0\0\0\0\0\0\0\0\0\0\0\0\0\0\0\0\0\0\0\0\0\0\0\0\0\0\0\0\0\0\0\0\0\0\0\0\0\0\0\0\0\0\0\0\0\0\0\0\0\0\0\0\0\0\0\0\0\0\0\0\0\0\0\0\0\0\0\0\0\0\0\0\0\0\0\0\0\0\0\0\0\0\0\0\0\0\0\0\0\0\0\0\0\0\0\0\0\0\0\0\0\0\0\0\0\0\0\0\0\0\0\0\0\0\0\0\0\0\0\0\0\0\0\0\0\0\0\0\0\0\0\0\0\0\0\0\0\0\0\0\0\0\0\0\0\0\0\0\0\0\0\0\0\0\0\0\0\0\0\0\0\0\0\0\0\0\0\0\0\0\0\0\0\0\0\0\0\0\0\0\0\0\0\0\0!NETSCAPE2.0\0\0\0!\n\0\0,\0\0\0\0XX\0\0H*\\ȰÇ#JHŋ3jȱǏ CIɓ(S\\ɲ˗0cʜI͛8sɳϟ@\nJѣH*]ʴӧPJJիXjʵׯ`ÊKٳhӪ]˶۷pʝKݻx˷߿LÈ+^̸ǐ#KL˘3k̹ϠCMӨS^ͺװc˞M۸sͻNȓ+_μУKNسkνËOӫ_Ͼ˟OϿ\0(h&6F(Vhfv ($h(,0(4h8<@)DiH&L6PF)TViXf\\v`)dihlp)tix|矀*蠄j衈&袌6裐F*餔Vj饘f馜v駠jjHJڨC,Vl!묳\nEfQ~Ǳ&m\ZH\ZFz$QGV,ZvG{}p[Ja\"|to`pavī-C8q ,\\FڶEefk笳Ÿ-5rh܌PG0ohkFEk1kN?-R|Gm@5\\ZFaG8mOWjnkc}x4߹mV[ȡk8vc1m`8XFܖcn:ޛ#k˟v.鴗8ְm8zUFцnf<wZѸP~יּuO>SmKt?k SJzw=TnvKp/EUא)C\0A/YC /up(G#g\Z<VN\\Af_kw>9<81b;V~ę|0n4@q19FNхX[ŕ	o\ZVbS%+^lW9eبG0s~IDw0<ȑk[ )V	9k#`cu.\ZW\"XR$_W&E:\\沍c@|RɲWQ؂Pnil\r]41I22s	V8a򎔳!V,<u0`&;!DƓ HPahfZ/9$lywOZ4gPoEG3r֨O#JdUeK/FW:\"uN?!$\ZC TdN<{L*rK_$:aBd%GEO[;S\0d1趘e\'HB53Q\Zt\'QݡkZ\nTa\nX>\rs_M KÔ9oΞ.d`@jp\r4޶ʋ[Q[ZM^%eʲThёY<}\Zrɒ4*Vh].\nCz^$;de[֏/q2\r\'Շk6nx5/Y#~0>N:媀{`aEϴ5zݶTEVQH:86\Z6ƃgv~Fַ_+G$c9,<L(B\rTP\rXȲexP_}]w&[G8C\ZPl \rH>\0$ Ⱥ.\0jKj7Eռ%l|P\n4tFMRԥslf>\nMp6g;.@\0Eb؀k\"5t*;Rpxc9@8\0B}r\0pQC:\rs+3d8@>NPƶ0;nQ̌jh*N\0\r`W\'KF]8ߓw>=\0P4aT2X\0iWtma;n ܪ]%F,䡩SՒ`xYX&#@o\'V\rfgwfv_UqA&\nX1~PNj*>ޝ*<@z\0:8և׳	O|gw چ[uJ_2IM\0ۡy+6`w;_|VAUOr>Y?{D,($>d}%~sԻjR\ZׯĜ475}~xlQw?n`dzGG@Y}v\0\'s9^z\0~	8w>\0tCU}Dt@fG),iigi<Gg$&np{n4A6kG(C`2!j6(uPC@>u\\jƀv57Iw(Y% 3v:ׅvXl{\0>\04JMu,u2bR\0x}1,E\0lx(ꆂ\0(n\"4g8(7ix\0VHAk6\00}IAK\',%`h\n8~1=,Y\0ȊXl7=pnd,WSy_7\nh|Zq{V0}FIJ\'\'xPzF\0h6۸(v4hJc%x+T@CQ8ي%0혏#H\'YnwOX~:$?hdh`Ȃؑ8y_Hd}҃ӳ.5P6\0\'\\H\0-<\"9Ïvz H\0 H\0hO	(4Cshs\0h/P(c|@<WjB1eC~؀낎{	,*J\'u\'tCsƘ:.\0?H\0\0>KcQCK Mâ-o~)\0IwP\'Hr1Iy{f>IU8=c\'B5w0gY\0zywy,sЃi7y\rdfmЉd*EE\0xgu\0OǞwX|GR^i37n~z,H\nvI$X2%9?ؗ\0Di$H\0ڹM؝hqϩ\r/5=2U&i)ꆗ%h	\\PEE[Ue~Km@8\0HRzOd*Bj@(`ʅɔ.iNH=Z	Ѐ(qJ5K>z5e[Jf<\Z+:T9z,xo7	H\0z;S2dVPDJ*,]@~>MB`PE#&4:h6Jgu9\'tJ8Cbb?o\0F\0p\n\0`%5E0J>5 \0\0zhY :{\ZUEf\n&<Yu:q\r@ PEdo0xdR`x0sZg\np{xzw\00\0W9o*2Xgx\0\r\0 iX6qssȟE\04i0\0\ruBJRԯ_R-4cwpkOyp b IPVkR bp2:Ftgk:jVlj>+SUZ%\"qS\'\0P\0\0\0{P\0\0pI t>g\"kuj\0\0\r\0j|hnxUBPy%lUOSK\0ۻ{\04O8}U5JP\n{s;ӛ)eJ)lZ9\0P\0\0۾ۻ@p-? K{Gre5Y&V\\\\\0>K0DR\0̻0\04 p@O a}k v:ID\n&kv,I<\0R ü۸@Wk?4pPā+HE|B,YB:Pz\',vtSs5.É\0,A\\\04|\0\0Rp,p`hƈ\0;\'74LPzZyeTy():l\0ɼ\0\0P,xvU<{4ťW%b-jPȒƧëaIpt)0/JZ\0ɉ\"̰|,\0\'ȧD)vDyMRbл4-̇|\0 \0?<C#kq0\n*(ï{B\\\07pL·;wdgi͐z$ n /|ƒb\0\rmçT?:~wK]$Xz,9߬-|,Ғ\0\0|_ڞ1$)X;3ݻL|?p,Iڂm@T%(}0<G+]$۸j|,\'8-\0@г\0WɁbMsb%gM\\g2tqΧىҝLJTBRS-ؾK-hMp:7\0wMY8Ԛʅ-Ɍ,1՜L|Y\0ۿKΡIXΉ-о=5dA2ݾؑ,Iˬٜ|$Cȉ@}5-}כ\\cZډm,ؿZy\Z(\r&IR{om|,pܭ-T-!~lY&NsI7LaB/>r/pp\nfY7PіW\"\0\00\'\\LW>M/=h<ƲMu!UKNsWJ@=<<RO[,3[,OR@,nmhdPy׌@.Lw4ċ>Æ.`9C4&EǢ,1si.iOp=}i`|\\S߅.}0d\0> `Kƭ` E\0d \"?ōqLp~-+ʫgzqV$\0`P04P^H{sj~3zCZI5]Pwйg\0%@A)II0PP[7\0㧯T:-Fw+æ>%= ]б\";=V2\Z%\"Xsq	`>=^\Z>3~01sGWGn)\rHOV?p]\0\\Ps$MYiɟ`ݍw6w7^`/533.q*0=~Y=II\n\ru6Em1\'zN*n\rw\Zeذ\0[O`+]E$zJ5gQfTN,sğ@:d\"H,)l*0yp\0oj4 p B\r>1iF=bH%MDr0CSL5męSN=}\ZTPEb>\ZUDj!G\n\r\n\0@X\0XF1	^L\0SB<PbƔA\\`Ibƍ?YH@ݻ=fx\0#%֭[K\'Ois|XP@)h\nD#/=`GK͝?]tCa\0oݟ\"8xaRnާn20p_,k\\~Ċ0@$%$szc. cʣ\r7(\rABJ	k?돹gFoND;jЁ	%d@ =@?8$,\"cE3G5dt+\"B4ԭO?A:\Z@?C	$j\0΄$Ķ@MK/4Ӝ\0	A7C5UAC\0#%,(h;؃.#1+*4Xa	DUektXuY\0\\O\r\\H(<L5\\]ǸWbE7]beu\0`7x<o1/ZPP!U\\qRuf*գu\0)xKpG5L#\n`9fm<XĄH%ݜ-5Lr4rc\0CMlja$$@ʭV@L	m]\"\0~3h\rC>2#h*C{c	6;jSҭH#O0C_&^\\|sχ\'^@$\r^OaJ7\nxb݃. S ޓ+9/>}ti	ػY &߻*GA\0*\06o}Q\0:3 o(X@4E6b,qdV;V\"_fp̎1S^ilq@0\rKWhmaÎ\'1\nm\Z}8G}Q\"&R4INf= \"&\'zAXF0L*ꚠІ:,~C`8^=P\"P~c\r6\n RZ@mtpDh\0`a~Y-,# \"n:DB,XPRF<6Lu5X$\":_	˿G\Z\"3\"c)|p)Ua-C@MU}n`	Pf\"C9\'`BؐjoC\0;=hNf-J0YPi`\'hʷ́	TB\'nG_p9Doq*B;qOS\\GUQ>@@%\\Pҩw]V`lae.eE[-^ʬf[\0@!ۂOߚ743%]:P)Bq\\\Z\n(`L\\5ɿTڴ3jK,3)Z\"H\\t	f)+.,)ђ>Or!튫	sE*Hx:cnR;_xs\\-vn ,_\r6AaZmPэm﹆`O΁tΥoCx	̖\rk_k	|c\nh\"x\"nͷd!p51o$ɔ(Ҧv@1HUlC-Ko:|tbXgƤ?%\Zw/71x=\0%HpfK x8hѼh@l楐	]xe	bYR	psmii[	]$qF$CŴp4.B$4τQ54@gT+[CjW hs3\n\\Ve!aEFz.hOq7m9	V]vz؂KmAvA[\n??3:Azj鎔\r/f09f<po\Z]px\00u!DƵK2FuXMX oxRz$w6Wj7=@ ^B/r\"@VVVXϭ09TSJ&\\9\":t\n\0tj>вk!\0q37=Ū>;N\"%pT\nE&mW# \nz%?yT_|DuVM>x\ZQ.kP	~i_Gk[BHnUAfgL\nTeYq(u}YX?	\r\rv,pl,\'&\Z{V%sҠҐ?ԫx>Ȼ12<\0\Z\'prrBƸ\\+$&+\0WA3?:]\ZH+TA#AB?.//B$\"L\0hZӡ(pNqj(:6B!,\'T\r*Q\"\0P8ЁJKD(\0p@\0˙|)(`\Z);ET$\"{\")\0	{1(g=?C\nğ(D\r,؀\r(,2H9=4<4\0Ol>=Y<?)BP1ő` @,4 Ѡ1c,Ib	X9-v6HDr\0$!ƋHp\"M܀@QRG|*.K\0¹G-},v)B$!(4܉!I2&D-`DL(4MF?`1J)ʫJL69G*1c\"%DCh2gIK7I1>`t;(( TUi\0\0p$lF8\rH\Z`\0x(\04У5O	Wjd>z	XHؑ{C-$<#¬¼HT\Z)2x9ȔL8P`(M4\Z0͌4\"WZO)젋\ZBZ1n!AqHS/,H|!\"ѓdP\rP4Lή8@dOd%4.`=aΧr\ZȨ .s]&Mt4\'sP\n$܌DŔH\0,ΜQ\0Ot4mQ(M9()PhkÉx3dj)3$4p%)$(L&<F17f,e_;\"4NJ5\0\0\05HP\r$pYŕJCBi++ <pr85Eeԙ8\'0	=4(\0kVwLL\nxD(x;ƋJ`RLDW%pWZ=(^* /l;_+\',(@B\0,Oe	\"\'K(G؀(q؏\"R/Slʌ<\rQU\r\Z83MzWx5\0{ל0K1l9,0&a%\'ؙ&M&mă;ڬZO-<umWM)Xz\r\0ٸU[ùDa 	V۟@C}ژ ؂gM-?ǭ@[(\0H\\\0\ZW5}6eܸ݃2ۚ)ـɕꏡ=)-RLiئ55r+39>J$QǭȕQ20(	8	 ?\ZxY^(w*]킻p)8,g	+ۤ2R]j;T\'+@VFnw`mjJ$W]\0Y1mQ?N$U0R\0OYUlr1S&EA]T\"\"6b	݃t	U(_VU4M8`,f].}@؀5냗&,@޽\0&HS55%6].\'}18=>\0.Vd|77fHv\0&=!\Zd;yp㎩$:㝨$\0\060;t3υeY`\\bY\0h\0pfh\0Ё|;7#*.\nJ.*ea[3-f٠\r82-6zL11l.\nq!?.j&5$Pq&rm5k\'qJ{hcH:k.#ZK%h%VٓBEI:x^d\r衶j).7Â3fCR)z<`ee^b(؂6N?>#.fC9\\B;\04X5@㫜.PkX(rrSfV!\ZiEȞ0qj;4p:\0&pJf_lܷ\01?u8~~4*IY8mADek4p(o7m&>X:c7;[eTn<䌒\Z_9h\0v4kX,<hkʂ>X=q,jb\"6ݭ~ *AZWg\'KJcУ:y,PNYB6p\Zpl?c\Zq80Ap9%ZN@N=Ϯ7KXd̋\rpA*PƦ&7=<0{\"Lfٳ?Qҍx:ԓP&ӷ0qk\n֩do;<GKq>\'pS)ƿ\Zm٥Lci\"\n1|qO7FPO\Z\"$c\"?d^YiuԦ9:b%&;@+n::09F=Uɋ\"*tJ,[v\\mD= ؀O(]t9/qVru_q<r@iVˬ7;sbtu?l+/gԽh\'uwC-1>qjo&h{\"RD6\nv7AYyRSW㎔2҃>0K+&8B7$sNbE0\'\Zh0f2>2ـiE8^Axv7.I\Zzrc\"C> .=\0ۮsoV*ٺ)_|nXj\0xY>{\"@dA7Qtagys\r \'pr7cWz_5k+|5r}&h{pv2bsKk<p:$|B~$\"Yb %CiÈ\'Rh\"ƌ\Z7r&Ȑ .*WlK;\rLh&Μ:w͂V8dB@$Ҥ\"$0ٰQRRj*֥4PD?r,,ڴj4e6rŉH<j#Ċ3\"*4\\&,qfТGk> d\r9@Cm6[-0,Q({k.nxNf`GN3aXy<RX,\0{I4.o,$\0Ϙ˚Ĳ!\'đvQ4]5\0{4L \"*8mŗz@az!v\rCw߹Rl5qz9h(.4}E¤f!LaBSECwDaAE5&H(Y0q\'PtI@wp4`\0\n\0?#;RPwJXbp\":\n		CY8iUХckV4d@X[g֩Ɋ&Q\rQ$@z\r8@.g\Zs lH	,P@\0MCp.CkǷZ9TL9|FCu,,i-QX2u@dXS!T\Z\r8+!+뙽Mp6OH@HRQlB\rvb?\rqFT1C3h7A2ۇ\'uaF\"$qňx`&XP=O)2!oA\r:ća8ܑEQhΔ:Y%N;AQ\rX\rFm$I|PK`j\'1}%5D{_x	X\rцe-CG9`*A[Dƅt;0pevt`P~\r\n,0O3XP\'B!5{PeG?\"\0HW}c\"YW 44N?!el+j\0@=aX4E\"-&Ak`ǵ=ZP@{SUCSwI\r%\'\'A=ҫ(`\04sU\rV 2{\r\00myАCG9\"E;\0A*]\r9C̨]bM	vd		{\01k뻤R<P @jZqr]p!AFrFs[IjP=O\\?`X@	 	9wPaB\0	3c3nHh05b\'=mP@ipt8Hӥl+\rЙ0t6R0P\rQUA7B\0@<}p&i~G4$\0:#L!	S:T/ `0!>-sv\\:,\0\n:jHS)*~`VS*t~#EZ0 	%m#u*0\r@8<t,=,U\0,ීQbRiH!@r AV%s_R,\ZmJխm-e\Z֨ԉcI`K*%Hڂ%uk*i{ΕJW~\0KIɖ	:pDMo	C\\bE/\no7	\rrGό`;fF>Z^\r\0,ۖ!lƐ+S!m Qam4&V\0I3G{;崅6#JTPx	DY*2e7P(\rp;U QԠ;܁B	D9UDl$S?]>xAh.Hl	]~..!Ca(G#<N}]xhP)3&Q[:)믉ܡ:q3Q[]+Ake5nhYk\r1xK@\'._lYC\\_pC!Gt2E60SeҖ녇4d\nEpAw	լ+u*\ZbKHR× 75)\0|\"N_a9ndd}2 Ah?A)B86LOwkY (A\rt.[>=QI5\0<f|9Z	[Hb3կޡ\Z{>cϾa)\0Ex>DܦC$DC ]C#\r+a\ngPy۰vJ>\"]QLYEiqN(@4>*xSߘ\n	FqAxH]fQh9hJ]H5A[4@	@AD˩uJ@ߝ_%AC4$|@]AA:QұlAU\rAx\rJ!\"\0k8qxAA\nm5D	`\rQJ6\"-]\Z@\\Lq*\'j\ZxJa_5APOeb0A	(\0<<\".Fp@t\0N٧8 I<5PIp	Py\r\0I\Z,\\.ND$RD)9 9Ba\\AE\rG|_!VCfc	tTD	#iD\r\0A|1мL\'š?  I7\n;c\r4A$)~@\0Jv9YjDH%4\0`5t@\0&$1A8$&	։dn	@idIuAWq#\ZLR-}٤\'_(AMMPXPjDWe\nHt\0DMyUZeCb%[0X9\0GJD\nj]\Z\r\nH\Z4Wlc̣ɇmahf@4D@\'M\n4AHD h4Q\0is͡`Ё	yڒIAg9l$E͍(@̞\0\Zr|djrs]K9F(Lc@(:tnA8&\r\"5D\0T]A@\nd|gU^{J|vZ}6D\Zm\r(@d:q1A\r\02dz	[TjLM`9>at\\;~@xUDAE=QT\0T\Z\Z 	t@\n\'fZgި0DCPp@n)$(U4A6M$nhCA&1\\\\\0<e\0-,e1*vH[^@lPH5qDv*aL	\\_:r#)^t*`\"0~FD+Iry*DA\n\0gVTށAkXQ\\]^඼,A@jRd$Bb5@R:_^P_kcL&l,yA\nvH\Z	,말Nl[xjX_m8@*\Zaǹ\Z)*M^4AFc\0Z柚4C\\^mH]~`T@1\Z$@̎EܝD\'N\0QI\\T=^y2ͨT]G\'nRH㰄TnIԎIDl\"\nxi^hE2ҵP&lF,¾(HzNuě6DbZ+Ư7NE܋Cr^~FjT+6\"C\0Z.M}ApTA\Z\0<V\0A0TcEjp;֤^ARH/\0\Z(OG|_l\0--np{5\0futiA;\'\nX	h\'\"(	k`Jpn\ZDAc\rh\'Y!!J5Wm>ſ2+}@;#\r&gZ#AU&l@K.kQ],}ff,7@\n/r$0?	t OM03@D3SDLCTsgP@3E8\Z<\\	겯H$>3xhf԰@#GHKtQJoAb4NNG\'z.	uk0-\0Z5´B\ZM@DAu9&٠T\"8E)Fg	{\np0[Fj5亴>pK g^uXTO!vp_oI7u]_@8<+VC4~!;DaӶa3<@Kv[p	M^\0jnAtmH\"TeC3b6xc\Z861\ZwDv*$)\'Fl\02-AH.#7S<3xBm_U|zK{lQo@ک6aM>7X7wAS\"8oq*v됷c\rMD9O]j)H\0ikw?䞁ΆiG5>\Z6A~wvAo8rاYwm(@as`xLAڽuf/#\0	298%WM9&Cd_QdM̜xrI+\Z_:{PrM+zð78c>Q;]sty6?;p6qr$aN1:lr`4*>7jm3,gx,7A9\\wS	(q}ˊ?G-	\0A[o1l[nICskA{nKߺiA;ɗ6w&_6\0\"(k\'`>T$]*[UA(uC|G=_㇍|||.jnh/\"g<^@mHKʬAl;G_FՓƓ(׀,0/mlռZzCx;0QP:LrSE>QΔFEE}@(}@dL&ׇ6dKKh=:j@~tݖ;{C(yN{@ǾGw\ns^$mZKq,/<=??u䥽n@aB	&TaC!2Dp\0JOGw4\"Ç\'Q<1)LĔ9fM7qIG=N,:hQG&UiSOF5:>=IŇ\r\Z+6%\\ɒ2>64x0b]wջ/^E:eaÇMgG5I\\$a˗Of ?xKn_)u\0G;;bd&-g0y:n\"ysϡGo0u`{3MwV(%<t{x0f`v+$>a%(\"\0j\0\"x#=Ђ4>舎HNm\":5:jc!NyGtܢ\r= #(\\ #R)ߛ3> .#1\\/&gh*rK4A=<ӪR#=*\'j`\"\r`SBQ-1	؏G#Ap8	/@?ꐣ\r3(SQQG+h\"\\=40#;<&Rae\0:*$5\\?ZJѦe>VDu\Z`	+	+j\"(\0A(ȘHȡo0AZH	NR`8:>0c%r,5Ջ1X)Rs-0CGu+F8\n!u͎9GؙiJes4$m-^-&uWM@⭡&c<C2hvт٦iR0\n5[oI&($r\\:\Z2Κ!C`юOL\"삳&{ PH<H,Ai]&&#9<0b$1\'\0Y4/(3h&~/x+>/׫`#_(]|,:b-3a<5d0xf3Vq =ܡS0XD7r \"]!qCH\"ͬ!A?ab;\rqX>YgH[@ԏ:H:2Dj\"1t20F6S(zA#))n`>t h1	t -x.ghHy#`&\rLPAzUDIN\0\rHCG&>^@M$j\nCzZKYR_ǃ`$YrVJ(ʓrdQ\nd$Lae}t+X!MUUr(G>o4\'_\0{!3P<E4)L}(P$K*\ZO4\'13+g? ,#m5R6:Q^<KB<\'\nvNֲB:P5@MTA48cG@Rb2<̰]e!!	S&\0 Hzt#@X*MRdOMը}B5LM2䳯\n:\"+ΫlRpd83tLj\\ZR 6<rDd\\\Z[\Z/<R\rzd\nme4Ž,soƦ>\0I\"JgAB3S\'/yЊ:[0K` 8V&\"mGj+8G\0׸CX 8]n?]q!-VI(lF.ķUL$`\" !́\0\rZ:<?)nm0du18 #Q.5;ʲ^l6R%q,l#<kJB\0߄Z<_gPla4kf nMTHb\"ǥY50E)sS;X-۫?L[o+&-.9)t(m`<^LZQ/ۨ\0mX	{ĺWf +Ԛ\"ݑ9@H\0Z	\r5?̶0/`Mz&āiPWVqE#A}mg\'8,Gx um9A|o3+K$z\r뛧!!:75/dIE&vi2\0\r6Lvm3F3GlPF6̓d\\iLhRjt5`Jb\Zdr.&;i,q_7	fζe֤~w幑xv0?$Sek&maxR5?,BSyr?0X\\`0?|z6&LDY$	G{+<G\'@0\"	NE4U49wمr/\0:(@X:0JӒ6YTTNa`GG\Zn粂t |m@\02Hgk¨o<\',0PdnLft<^Ƭ\"	F#rڲY2oN0NCm0DQc0H\\	0	i$)i@ɠ%Opa1PȄ2˴l\r!ѐo}vW~\\G褐6c<:\')5%F$#\"15\03ޢʅhf\0(Y \rEϻoN%DsKRVƣ\nOGcn`+ fQkE>,	B	7\Z1Upp@vo=\0,-`+1LD`-gQJ,\005T+ƈJlFՆ!\0q>@uD`\0Q0}6\'dw<Ap/6cR\'\'LD^E\rL%Q\r\'͒#)dHܲ$/&	x4J*e%q%/bN|β1C:2^-w-\"\"H!-H:0p0-!1O%*J//x1m*p0t <d̬D!@>´\n1rPs.O/Q4%m:o;*\nTэ2`tr`\n\';GMb\0@`L#Ξ@/1;nsL*c1;\rtp\02.,ʟ4	-!N6`ↈ\0JY428K\nOS?e>نads\'@s<rNR	u3@ң\"&37D9D1LB=&&s,͠@eTF}\n(\nSBwTk2))%%	44b5)|O\"nO\"7H>$d	@l<ʂPT4sE4\0)*MCbO\ZKF4,\0Q)Mۏ>,t|R+u#izߤT#QTetڠ)gr`GIP3LҞ\0Oo5ߏy5o`XKlF	2D?5&cJZ7(X\'M5:K1@71^}TRE̵*핼sTF6C5`5:Zfڕ+ͼt\nU\\Xtb,iB$ZF>dq,pDk\nH,jHHiV2aN\\GQO6XE]\rx D5TL@V4@2`WITVl`dA5 +	~oK̓T?_붔Te4vj22pShLb|,rK1bg+\rreS;1gIk6AgA7JT\'[VVrDe^&pֵrpX,ǖklhks\08\rI.wRRDwG`{v	#4V ϔ\\Kׯ.y!jްSv.9|װ:w$%LTܱ8t>4fs+7f-X\rEV@~AJIO4\r#N%9Ա}\'kexɺZmBsUHSExu}4i͒*ImqP1x&.HOۦ퇑Qx#BAqMI	~O6Xs8*^?u{s1(60oYpE)j%TV~\rXM(iqVkW*FS(sxsH,f~g0և@ESDQf֙7:@`R>.O,VWuz#!*_לCv@A?hE$EVvi55j%DuQ{2(@݀Pnݮ򶊙.4`xS+3dͣr9)NF:|	pvLy[z>\0oIOy0z5u,;:ŌЈ+$ mXw/Z[),SSXh纑d\r&\rl)xޖIfmܺMe 0;5;v\n*&;7ʑ6zk: W hWDrTդMIZNIT)@  b gj86M۪;d{QjM0ζm<KUHhPZ%|a1GcBSDءM ଩jb/@බiZIt[ <%\r#V8C@DF69Zf\'J1TTid`Y|{II\n|PC\rUBet@@+e,,T@|^wz8\";\\TEvX4>8(ȼ͜ۂx`$XHۯ!9Th\n]}УJ\ZT@H\Z\r[`<@Jbؒ{M(?r\\ɪpSWzӚ_x \\ZG%)\"OtL6rѳWs7#υӇ$F9?K2(ˎ	\0-`H;y@ -cu!@ۇ8۲]Y\0 |kyFkVζxAsf\r3?wܽ	jz\'I_;?A>JӻPc6J`(V lQjlBhXƃ$\0Ȩ\\]AY*_D~\rM $x)V<MG8DvC	CQ&`#щ#vyH	\ZƄ([mAO\'Ba#7IU\'Z`lR0+	,.r0Lr=vh#R p@T]t2Lz˩7	%.ZSm3xEab4ʄ -l\nxbѡ_!ʔztk̾~#\rTAQ\rZi<C ,6\0,m\0B\r&\n\Z<0\nIẋ!*Z1cE\rā<2ʕ,[DIY3Ν<{	4СD\Z=4ҥL.A\'&$!	M-!2h\n6ر\Z3\\wBh 7.S za5޼\"@lKQ.+|\"/;~@V89͜;{\n$!\n&\n~\r{2q31e6\r|o\n;@\n;CǏi@1(ܻ{><h3m;|</?+A\\\rDDS \'WuHUa*!x\Zna.a\n\Z !r}@hP~d] 4@I.d\0NIeVTxe4Ifa} Cy0\"\0RbQkA`tM!7]Ih\nTh~@DUV%H`ifҨA#f%P_(WZt|ZLvJkFy92bե_Mi2Pg$t\0Qdhk⎋!&BKlzWi\"SaBDec8`aMq\'	>J\ZT۩WD%p/!@\0:1TRĖWu՗)4B, qjA^4х2\0 t[f=+Qt\n\0\'M\Z@\ri}pwR\r0͸IqhONHG0@B\0M+|-ܾJ47BdLMQ:n突\"B\"Gs<]zkc\n0fH}qֳA\0}\0o<Tv]ZM\\`x%ގ$_Wln}	S_ \"+ipJT:йqU	tc2U>3d@kO液eALj\0>\0D,O# Áӗr(h6ZB@n8!!37-t)yIqHou,<\"h׊Z1\r\nWE3(@DodX=NHCP-L I\n\",@=[-KoD\0_ Br\nsxJ7$S\0H\'U͒U`Xr.Y^`sp!\ZdB&OxJ 4YE3g<߰W}x9:8X:~yQ9\n.zQ`\ny%@d?O\n@/@5,gbЇMCޡI\rR	BDSǥ~E}fhNɹ+|skdeK@\0gΞ\nWZar۞q@Urf@tHWs\n=%+/II\nYC]zklf`A9	--p0_!w]R5fJDyH=.2\"DĀE慅-.q-\"@}S[9jӘ\Zշ˩pX_́ͅHF骷;WHpJL{Z^,UZc>/$}JW$$Dp\0\0?d{riJL\'IFD\ZvX3Q]({c?Y݋̡J[xIh2/XBdp{od\rL/!]EC,/߈X%8*B e8+\'^PB<#T6î7v!n0$zѤ։zgI-q18kn	c.9 ͥ^tmc.zΜ_)v\0>|	{aOBl`cck=QڎTHnEࠛ>Մqiv#wRM&ܻ5]{\\U@`L3w=ԖJZ\"8ɐ_4$$0GnG)ʫ|aKiOE\"D잏s`-:t?ִNeEAĠR\'lu&T;lrc(Q=B]YYidƐK;d#ᝏDޭ~(YVx|/s:c\ZI\r$\"$S!}SR~^\';?@!}O\0`E߯><CiiݽįKO74ݩu;+s9RTG~1P!q\0nif7[ԧ[wJf<Kͱ`py %\nY+(|6Gu\07Qq%b#hB%HG\'&rzxj4W618:D qB8q~H1JmpG\0T#v ZHh] odXFgxIW9l(/\\ф1vhMkzA2\"h\ZkL5VkM2rs`tG7\0VKN=G89hD}7\0$mV\0Ā<WwK*4Fy~Fa0t@2|ǘɘ8uHy2x2nxISBċ+Zcx3hDH>X7Ȏz\0~@ED}}Hڸ1\\S>NI9U{Po/T4ݗzo;A=D`D/I=S	8:u͇\0N(P0F6\0=EQISyUiB!5[=9 )\\Xƒ+HIN@/`K=`5ٔw.Y6 VKMɗaseX만=Bxtv#@#/=PN	\"Iz?Ai0	)6$4ه AK`=I(\0uYY(p#pٛ:JDyOWɜ@a1 #y0\0ɂpA㙚#vQp6 #`iD ~)ɛ	\Z9^Y##4^\\ǝi+NIY\"pRJi8*ʟٞKPN`N[锰ɣ<cvFA*HΗz՞6Ji)ɟڞi:AWɡ,	p)NO9BtZ)CJ&ȖI}p4K/\0iJ6oY;/0ɪ.vɪqjj,@\nw:ӧ؊F]$Ԭwzuwtgq5x:4H\ZRPj6qj*,R({w3rss\n&qD)lϸ!+\0!\0\0,\Z\0\0\0\0\0\0	H*\\ȰÅ/^yHŋ3j$X!\0&nIɍ>ɗ0cre2sP@͕DJTϚ*]JhLJ}t\0Sj*ȭ`BjسJGx[=~}KWf׵f-Vn\0{_$Q.1\0E2rZlP2㼜Cc^k i@:>͙&Ҭ7fel(hk]cG@Q8ΝN*֙[5D\rst\n(LVmD|^x\0˴vD4pWo}@9iUJhR$!=0u\Z@F\0`_GbMҽDHЋU1`F\0؈8V:dUӈG$\0hJd?%%IQ$Wb?@60B}	fM vID.#Aqݕ#TBv}69/ATDu\nJ[3@ԃO!DhR*֤U!J֩CS\'LDꕫ\Z_]&\nS\\\n믆͚jy	-ZCR4k9yY\0D/ZِkJ(A&jCUFjBVByoBu\"	\nӮk`b\'cfT0&Q\"|coRL[bC64,C6qk\\4_-/J\r%LFRy5CYCPGLS$]Q~t1Dߵm4B@`vEBlxٵE\'÷7AJԵPzWG\rubN/DJq^-E=T]9z5x&PSLSٸC熶n`ޭ;4}vM}eAB0BDU ;Yz?>KĹIy/><A=@X_Eާ\08 Ι,5-w\nJF^PxD\0v#ɰeeS\n\' &qKӏnvIڧ\ntAѰO\Zv\0wCbb]duz/\0[ҾnP =+!\\\rR&VmD?2+0}ǄK@$A\'^0<H\"A2OޗGLʌ1%_=9\")	B9\rSŕq53$ 023DW_bG50U.cG*2?r8g^5cĖ5-lispN4\'Kus2x>kOL+\'C*$Ǡ:Y\"b11ebh5Mz|H4?XF#%fER2\"!MOA\0F?H$ \ne(jy&&TJmk[%/IU\"+*껛*ik\'JZA6_`U;՜@1=ta2x	PUf4ؓ|	%e@\0\0!K\0\0,#\0U\0	\0\0\0	H*\\ȰÇ#J2BAǏ CI\n\0\\	\00cʜIfG\"X ͟@\n0N|]ʴS#5իX\nzA֯`U*\nhӪNkʝ[\nsZ.Ҫ{j/K+	Ő#x%bɘ37\\@\0CضˣSc~azgհ%⭳_ޭlxÓa`S\ZGSƃ[߾o$\\4G>&ɼ9\0wT_ه.D^y&\r\0jV(qT`K@~՘}#h8\'TZ\Zg@Ѣc/uz4dn(kuL&dXՑ0XBiҎ2iV}aUqvIQDX_VTkfck3IQΉRW阞5J9^ED*JUuhDFf:ɩ[a6U駠2$+d@Z*CJ\'hLW&ttT~+AS&k.e(&D촒nX\ZDԵ:U@[,A閺A\0/DҺRDj\0	v;:d\0C=MpeբT\\/vИxP=o=lX%2WŹP7dξ]V1tD7ĳ}o6i&7M(Sf@Dqn8m˚Щh:cͪaH*`4n|)۶f5C$/U\r\ZxAR^P7d˪a\nzҨw/(g_}h+4NsBoZ`#d.Ϟ*,{x+MTχ?ltK/0:W8_ɡ·Mz2be\0=sC`Cg yTP~H$ r609M}I~\" I\Z\n\'Kctv\r_G\Z<A{HlÝ|\"tW\0aBRE7{L`$a*숟趵&&Ά9Qmqvhn,\0;#\0:6$D8#k\\HF /eH+Ώ[<!M1etϜIL*ȍuR$JBD0D]#ʘR*~4.L,i/Ɉ#4Li+V0v3Kq+	Ÿe3$tRG2M	̇r6<ȢbΟI&VIv:F%e\\16s\Zz|CC%Iple,*ƊF\0\Zay\06MR@]Bٿ2I\'O+be!AڵO%׷ucrZ\ZjL祐c3!\\k`bT =\\G!u]ID(CE]r&hT**ΪJٸ!5\",x5Xa	P\nN>dYo˪dvXOIPs2IڜNP\\HL]<\"G[j73Gld$5LM?ޛ^\0j]yde8G2U\0嗟2Z5_n\'\0z4dF@\"6N87:뽅3R\\*Nmyqk7rTAk.eQ/ &<QVka\"ѱi,\ZؓCj\ZBva)c1U\r5f\04ysГX	YUYp7QFugX}R|xrw	^a6\Zm5	aK4urof5HL\\ȭVGn-w-ֺv^na9 oFj\"$ogVBxathmz\'Զ]ALP˽a	fC}cCo&\0FI8c8D؜%	W8	ëfgO?\Zbqe\ZP7GA\0j=!b]|TCL|\"aNHS3/Lz+}ް٩mzD:k=&iNu#N۵nM\\nWH`l	T%R妳h#V|Yz9+r,nےԳcR%Pzk(JT4N4Q^(0͢fk2NmVjrZq*|P(XmQ8$e@޷D,\"|$R6\0V(JBGq /a r[&<tWEzrt׀rҷVN4׀\\Mzkew|E{z:{ƂGuS\rh&:u|2}:\"qX]3(|؃4WFhK?~z;hu,>Q~\Z7-N@]30`86^UX\na/6-ņD6@%VQvb\0A@#\0|xf/ViH\0!\0\0,\Z\0\0!\0\0	H*\\ȰÅK\">Hŋ3jȱƈ %zIɓ(SbR˗0cʌɲ̛8s)M@\n:gKH*iҧPlTիX!R׮[C~KViXeӪyڷp]]sa%}Nwa^̷0uC1c%c6/W52D=^gJӬOo;76گ6Nȓ+_μУKNسkνËOӫ_Ͼ˟/z7V_\\U\nh)8F(Vhfv ($h(,0(4h8<@)DiH&L6PF)TViXf\\v`)dihlp)tix|矀*蠄`CQ.d6	VNJX^d\naA*ꨤjꩨꪬ꫰*무j뭸뮼+k&6F+Vkfv+k覫+k\0,l\'7G,Wl񘀤;й~)v)z*1.Բ3so3A:r>d?ItFJ34J/mtN\ru/\'g~m[_]c[6%o5^.MwvobSJx\r܂_x8E/^Q㎏bON(^^oNb瞋z NagȺᨿgD{}cQ@\0;','89009');
/*!40000 ALTER TABLE `picture` ENABLE KEYS */;
UNLOCK TABLES;

--
-- Table structure for table `student`
--

DROP TABLE IF EXISTS `student`;
/*!40101 SET @saved_cs_client     = @@character_set_client */;
/*!40101 SET character_set_client = utf8 */;
CREATE TABLE `student` (
  `userName` varchar(255) NOT NULL,
  `comments` varchar(255) DEFAULT NULL,
  `currentCity` varchar(255) DEFAULT NULL,
  `dateOfBirth` datetime DEFAULT NULL,
  `email` varchar(255) DEFAULT NULL,
  `fileNumber` varchar(255) DEFAULT NULL,
  `gender` int(11) DEFAULT NULL,
  `isExchangeStudent` tinyint(1) DEFAULT NULL,
  `lastName` varchar(255) DEFAULT NULL,
  `name` varchar(255) DEFAULT NULL,
  `nationality` varchar(255) DEFAULT NULL,
  `passportNumber` varchar(255) DEFAULT NULL,
  `password` varchar(255) DEFAULT NULL,
  `phoneNumber` varchar(255) DEFAULT NULL,
  PRIMARY KEY (`userName`)
) ENGINE=InnoDB DEFAULT CHARSET=latin1;
/*!40101 SET character_set_client = @saved_cs_client */;

--
-- Dumping data for table `student`
--

LOCK TABLES `student` WRITE;
/*!40000 ALTER TABLE `student` DISABLE KEYS */;
INSERT INTO `student` VALUES ('89001','Trabajo muy duro, como un esclavo...','CABA','1987-01-01 00:00:00','juan@gmail.com','89001',0,0,'Perez','Juan','Argentina',NULL,'94b8cea57c49a3007225a0c70c475450','1100000001'),('89002','Lo esencial es invisible a los ojos','Lanus','1992-02-02 00:00:00','laura@gmail.com','89002',1,0,'Gonzalez','Laura','Argentina',NULL,'94b8cea57c49a3007225a0c70c475450','1100000002'),('89004','workaholic 2.0','','1994-05-10 00:00:00','matias@gmail.com','89004',0,0,'Perez Garcia','Matias','',NULL,'94b8cea57c49a3007225a0c70c475450',''),('89005','Hoy empieza Tinelli ;)','Olivos',NULL,'julita@gmail.com','89005',1,0,'Lema','Julia','',NULL,'94b8cea57c49a3007225a0c70c475450',''),('89006',NULL,NULL,NULL,'lucas@gmail.com','89006',NULL,0,'Ramirez','Lucas',NULL,NULL,'94b8cea57c49a3007225a0c70c475450',NULL),('89008','no se que poner...','','1986-04-15 00:00:00','carito@gmaik.com','89008',1,0,'Perez','Caro','',NULL,'94b8cea57c49a3007225a0c70c475450',''),('89009','ah ja','Lanus','1990-05-11 00:00:00','juancho@gmail.com','89009',0,0,'Gomez','Juancho','Argentina',NULL,'94b8cea57c49a3007225a0c70c475450','1176459842'),('I89003','Vamos Racing!','Carhue','1993-03-03 00:00:00','leopoldo@gmail.con',NULL,0,1,'Biandratti','Leopoldo','Argentina','89003','94b8cea57c49a3007225a0c70c475450','1100000003'),('I89007','Too much information in my head to understand...','Caba',NULL,'jim@arnet.com',NULL,0,1,'Stevenson','Jim','EEUU','89007','94b8cea57c49a3007225a0c70c475450','');
/*!40000 ALTER TABLE `student` ENABLE KEYS */;
UNLOCK TABLES;

--
-- Table structure for table `student_career`
--

DROP TABLE IF EXISTS `student_career`;
/*!40101 SET @saved_cs_client     = @@character_set_client */;
/*!40101 SET character_set_client = utf8 */;
CREATE TABLE `student_career` (
  `id` int(11) NOT NULL AUTO_INCREMENT,
  `code` int(11) DEFAULT NULL,
  `userName` varchar(255) DEFAULT NULL,
  PRIMARY KEY (`id`),
  UNIQUE KEY `UK_l0mlhaib8q178tfxxy6t2edo2` (`code`,`userName`),
  KEY `FK_q9ym3wpq6g08cejonq1lagk0g` (`code`),
  KEY `FK_cpowc8ym6xfrx2mu0nys55tih` (`userName`),
  CONSTRAINT `FK_cpowc8ym6xfrx2mu0nys55tih` FOREIGN KEY (`userName`) REFERENCES `student` (`userName`),
  CONSTRAINT `FK_q9ym3wpq6g08cejonq1lagk0g` FOREIGN KEY (`code`) REFERENCES `career` (`code`)
) ENGINE=InnoDB AUTO_INCREMENT=18 DEFAULT CHARSET=latin1;
/*!40101 SET character_set_client = @saved_cs_client */;

--
-- Dumping data for table `student_career`
--

LOCK TABLES `student_career` WRITE;
/*!40000 ALTER TABLE `student_career` DISABLE KEYS */;
INSERT INTO `student_career` VALUES (8,2,'89006'),(17,2,'89008'),(15,3,'89008'),(3,4,'89002'),(12,4,'89009'),(14,6,NULL),(7,6,'89005'),(9,6,'89006'),(11,7,NULL),(1,7,'89001'),(16,7,'89008'),(13,7,'89009'),(5,8,'I89003'),(2,10,'89001'),(6,10,'89004'),(4,11,'89002'),(10,11,'I89007');
/*!40000 ALTER TABLE `student_career` ENABLE KEYS */;
UNLOCK TABLES;

--
-- Table structure for table `student_session`
--

DROP TABLE IF EXISTS `student_session`;
/*!40101 SET @saved_cs_client     = @@character_set_client */;
/*!40101 SET character_set_client = utf8 */;
CREATE TABLE `student_session` (
  `userName` varchar(255) NOT NULL,
  `creationDate` datetime DEFAULT NULL,
  `token` varchar(255) DEFAULT NULL,
  PRIMARY KEY (`userName`)
) ENGINE=InnoDB DEFAULT CHARSET=latin1;
/*!40101 SET character_set_client = @saved_cs_client */;

--
-- Dumping data for table `student_session`
--

LOCK TABLES `student_session` WRITE;
/*!40000 ALTER TABLE `student_session` DISABLE KEYS */;
INSERT INTO `student_session` VALUES ('89001','2015-05-12 21:54:28','7b7b2603-df18-447a-a4e1-b174639b812e'),('89002','2015-05-12 21:49:40','a14d9f05-10c9-44d0-ba9b-e7aae571d0a9'),('89004','2015-05-11 17:51:57','bc414ae3-1cc5-475f-969b-d48176066c31'),('89005','2015-05-11 17:55:39','3291098e-59e0-4a20-b0ac-9863b7f5a59c'),('89006','2015-05-11 17:57:14','d00b0fd4-477b-43fb-b450-18accfc7f189'),('89008','2015-05-11 17:43:31','feb68115-25ff-4dda-9726-2e8e016a3ea6'),('89009','2015-05-11 17:44:37','39f7c305-a4b5-4a61-bdd0-6374fd109c4f'),('I89003','2015-05-12 21:52:14','16cc36e5-b354-491a-bec1-dd7f21972569'),('I89007','2015-05-12 21:53:09','8a2f1c5d-6b03-4ee6-9e0b-c55a37bd810a');
/*!40000 ALTER TABLE `student_session` ENABLE KEYS */;
UNLOCK TABLES;

--
-- Table structure for table `study_group`
--

DROP TABLE IF EXISTS `study_group`;
/*!40101 SET @saved_cs_client     = @@character_set_client */;
/*!40101 SET character_set_client = utf8 */;
CREATE TABLE `study_group` (
  `id` int(11) NOT NULL AUTO_INCREMENT,
  `creationDate` datetime DEFAULT NULL,
  `description` varchar(255) DEFAULT NULL,
  `name` varchar(255) DEFAULT NULL,
  `ownerUserName` varchar(255) DEFAULT NULL,
  PRIMARY KEY (`id`),
  KEY `FK_4y4j9gikg3lspot964327ws7j` (`ownerUserName`),
  CONSTRAINT `FK_4y4j9gikg3lspot964327ws7j` FOREIGN KEY (`ownerUserName`) REFERENCES `student` (`userName`)
) ENGINE=InnoDB AUTO_INCREMENT=10 DEFAULT CHARSET=latin1;
/*!40101 SET character_set_client = @saved_cs_client */;

--
-- Dumping data for table `study_group`
--

LOCK TABLES `study_group` WRITE;
/*!40000 ALTER TABLE `study_group` DISABLE KEYS */;
INSERT INTO `study_group` VALUES (1,'2015-05-11 13:34:47','','Estudiantes de electrónica','89001'),(2,'2015-05-11 13:35:07','','Clases de apoyo Análisis 2','89001'),(3,'2015-05-11 13:35:23','','Proba es lo mas','89001'),(4,'2015-05-11 13:35:36','','Bolsa de trabajo','89001'),(5,'2015-05-11 13:36:08','','Apoyo en Física 2','89001'),(6,'2015-05-11 13:36:30','','Estudiantes de Informática','89001'),(7,'2015-05-11 13:36:57','','Laboratorio Física 2','89001'),(8,'2015-05-11 13:37:09','','Feria de apuntes','89001'),(9,'2015-05-11 13:37:27','','Apuntes Proba','89001');
/*!40000 ALTER TABLE `study_group` ENABLE KEYS */;
UNLOCK TABLES;

--
-- Table structure for table `subject`
--

DROP TABLE IF EXISTS `subject`;
/*!40101 SET @saved_cs_client     = @@character_set_client */;
/*!40101 SET character_set_client = utf8 */;
CREATE TABLE `subject` (
  `id` int(11) NOT NULL AUTO_INCREMENT,
  `careerCode` int(11) DEFAULT NULL,
  `code` varchar(255) DEFAULT NULL,
  `credits` int(11) DEFAULT NULL,
  `name` varchar(255) DEFAULT NULL,
  `userName` varchar(255) DEFAULT NULL,
  PRIMARY KEY (`id`)
) ENGINE=InnoDB AUTO_INCREMENT=139 DEFAULT CHARSET=latin1;
/*!40101 SET character_set_client = @saved_cs_client */;

--
-- Dumping data for table `subject`
--

LOCK TABLES `subject` WRITE;
/*!40000 ALTER TABLE `subject` DISABLE KEYS */;
INSERT INTO `subject` VALUES (1,4,'61.03',8,'Análisis Matemático II A','89002'),(2,4,'62.01',8,'Física I A','89002'),(3,4,'70.02',6,'Geometría Descriptiva','89002'),(4,4,'75.01',4,'Computación','89002'),(5,4,'61.15',8,'Matemática Aplicada a la Agrimensura','89002'),(6,4,'62.03',8,'Física II A','89002'),(7,4,'70.15',6,'Cartografía','89002'),(8,4,'71.02',4,'Agrimensura Legal I','89002'),(9,4,'61.06',4,'Probabilidad y Estadística A','89002'),(10,4,'70.04',4,'Topográfico','89002'),(11,4,'70.08',6,'Topografía I','89002'),(12,4,'70.31',6,'Información Rural','89002'),(13,4,'71.24',4,'Agrimensura Legal II','89002'),(14,4,'70.07',6,'Cálculo de Compensación','89002'),(15,4,'70.09',6,'Topografía II','89002'),(16,4,'70.12',6,'Geodesia I','89002'),(17,4,'70.18',6,'Catastro y Valuaciones','89002'),(18,4,'70.11',16,'Topografía III (anual)','89002'),(19,4,'70.13',6,'Geodesia II','89002'),(20,4,'70.14',8,'Fotogrametría I','89002'),(21,4,'70.19',10,'Levantamiento y Práctica Profesional (anual)','89002'),(22,4,'61.03',8,'Análisis Matemático II A','89009'),(23,4,'62.01',8,'Física I A','89009'),(24,4,'70.02',6,'Geometría Descriptiva','89009'),(25,4,'75.01',4,'Computación','89009'),(26,4,'61.15',8,'Matemática Aplicada a la Agrimensura','89009'),(27,4,'62.03',8,'Física II A','89009'),(28,4,'70.15',6,'Cartografía','89009'),(29,4,'71.02',4,'Agrimensura Legal I','89009'),(30,4,'61.06',4,'Probabilidad y Estadística A','89009'),(31,4,'70.04',4,'Topográfico','89009'),(32,4,'70.08',6,'Topografía I','89009'),(33,4,'70.31',6,'Información Rural','89009'),(34,4,'71.24',4,'Agrimensura Legal II','89009'),(35,4,'70.07',6,'Cálculo de Compensación','89009'),(36,4,'70.09',6,'Topografía II','89009'),(37,4,'70.12',6,'Geodesia I','89009'),(38,4,'70.18',6,'Catastro y Valuaciones','89009'),(39,4,'70.11',16,'Topografía III (anual)','89009'),(40,4,'70.13',6,'Geodesia II','89009'),(41,4,'70.14',8,'Fotogrametría I','89009'),(42,4,'70.19',10,'Levantamiento y Práctica Profesional (anual)','89009'),(43,6,'61.03',8,'Análisis Matemático II A','89005'),(44,6,'62.01',8,'Física I A','89005'),(45,6,'67.03',4,'Medios de Representación C','89005'),(46,6,'75.01',4,'Computación','89005'),(47,6,'61.08',8,'Algebra II','89005'),(48,6,'62.04',6,'Física II B','89005'),(49,6,'63.01',6,'Química','89005'),(50,6,'61.06',4,'Probabilidad y Estadística A','89005'),(51,6,'61.10',6,'Análisis Matemático III A','89005'),(52,6,'65.01',8,'Electrotecnia','89005'),(53,6,'67.10',6,'Calor y Termodinámica','89005'),(54,6,'62.05',10,'Física III','89005'),(55,6,'62.08',6,'Electromagnetismo A','89005'),(56,6,'64.05',6,'Estática y Resistencia de Materiales B','89005'),(57,6,'65.36',6,'Medidas Eléctricas (Res. 7063/96)','89005'),(58,6,'65.09',6,'Teoría de Circuitos','89005'),(59,6,'66.04',8,'Electrónica I','89005'),(60,6,'75.12',6,'Análisis Numérico I','89005'),(61,6,'65.10',6,'Teoría de Campos','89005'),(62,6,'65.11',6,'Tecnología de Materiales I','89005'),(63,6,'67.36',6,'Mecánica Aplicada','89005'),(64,6,'65.12',4,'Tecnología de Materiales II','89005'),(65,6,'65.13',8,'Teoría de Máquinas Eléctricas I','89005'),(66,6,'67.37',6,'Máquinas Energéticas','89005'),(67,6,'61.03',8,'Análisis Matemático II A','89006'),(68,6,'62.01',8,'Física I A','89006'),(69,6,'67.03',4,'Medios de Representación C','89006'),(70,6,'75.01',4,'Computación','89006'),(71,6,'61.08',8,'Algebra II','89006'),(72,6,'62.04',6,'Física II B','89006'),(73,6,'63.01',6,'Química','89006'),(74,6,'61.06',4,'Probabilidad y Estadística A','89006'),(75,6,'61.10',6,'Análisis Matemático III A','89006'),(76,6,'65.01',8,'Electrotecnia','89006'),(77,6,'67.10',6,'Calor y Termodinámica','89006'),(78,6,'62.05',10,'Física III','89006'),(79,6,'62.08',6,'Electromagnetismo A','89006'),(80,6,'64.05',6,'Estática y Resistencia de Materiales B','89006'),(81,6,'65.36',6,'Medidas Eléctricas (Res. 7063/96)','89006'),(82,6,'65.09',6,'Teoría de Circuitos','89006'),(83,6,'66.04',8,'Electrónica I','89006'),(84,6,'75.12',6,'Análisis Numérico I','89006'),(85,6,'65.10',6,'Teoría de Campos','89006'),(86,6,'65.11',6,'Tecnología de Materiales I','89006'),(87,6,'67.36',6,'Mecánica Aplicada','89006'),(88,6,'65.12',4,'Tecnología de Materiales II','89006'),(89,6,'65.13',8,'Teoría de Máquinas Eléctricas I','89006'),(90,6,'67.37',6,'Máquinas Energéticas','89006'),(91,7,'61.03',8,'Análisis Matemático II A','89001'),(92,7,'62.01',8,'Física I A','89001'),(93,7,'61.08',8,'Álgebra II','89001'),(94,7,'61.10',6,'Análisis Matemático III A','89001'),(95,7,'62.03',8,'Física II A','89001'),(96,7,'63.01',6,'Química','89001'),(97,7,'75.02',8,'Algoritmos y Programación I','89001'),(98,7,'61.03',8,'Análisis Matemático II A','89001'),(99,7,'62.01',8,'Física I A','89001'),(100,7,'67.03',4,'Medios de Representación C','89001'),(101,7,'75.01',4,'Computación','89001'),(102,7,'66.02',6,'Laborotorio','89001'),(103,7,'66.06',10,'Análisis de Circtuitos','89001'),(104,7,'66.07',8,'Señales y Sistemas','89001'),(105,7,'66.08',8,'Circuitos Electrónicos I','89001'),(106,7,'66.09',6,'Laboratorio de Microcomputadoras','89001'),(107,7,'61.03',8,'Análisis Matemático II A','89008'),(108,7,'62.01',8,'Física I A','89008'),(109,7,'61.08',8,'Álgebra II','89008'),(110,7,'61.10',6,'Análisis Matemático III A','89008'),(111,7,'62.03',8,'Física II A','89008'),(112,7,'63.01',6,'Química','89008'),(113,7,'75.02',8,'Algoritmos y Programación I','89008'),(114,7,'61.03',8,'Análisis Matemático II A','89008'),(115,7,'62.01',8,'Física I A','89008'),(116,7,'67.03',4,'Medios de Representación C','89008'),(117,7,'75.01',4,'Computación','89008'),(118,7,'66.02',6,'Laborotorio','89008'),(119,7,'66.06',10,'Análisis de Circtuitos','89008'),(120,7,'66.07',8,'Señales y Sistemas','89008'),(121,7,'66.08',8,'Circuitos Electrónicos I','89008'),(122,7,'66.09',6,'Laboratorio de Microcomputadoras','89008'),(123,7,'61.03',8,'Análisis Matemático II A','89009'),(124,7,'62.01',8,'Física I A','89009'),(125,7,'61.08',8,'Álgebra II','89009'),(126,7,'61.10',6,'Análisis Matemático III A','89009'),(127,7,'62.03',8,'Física II A','89009'),(128,7,'63.01',6,'Química','89009'),(129,7,'75.02',8,'Algoritmos y Programación I','89009'),(130,7,'61.03',8,'Análisis Matemático II A','89009'),(131,7,'62.01',8,'Física I A','89009'),(132,7,'67.03',4,'Medios de Representación C','89009'),(133,7,'75.01',4,'Computación','89009'),(134,7,'66.02',6,'Laborotorio','89009'),(135,7,'66.06',10,'Análisis de Circtuitos','89009'),(136,7,'66.07',8,'Señales y Sistemas','89009'),(137,7,'66.08',8,'Circuitos Electrónicos I','89009'),(138,7,'66.09',6,'Laboratorio de Microcomputadoras','89009');
/*!40000 ALTER TABLE `subject` ENABLE KEYS */;
UNLOCK TABLES;
/*!40103 SET TIME_ZONE=@OLD_TIME_ZONE */;

/*!40101 SET SQL_MODE=@OLD_SQL_MODE */;
/*!40014 SET FOREIGN_KEY_CHECKS=@OLD_FOREIGN_KEY_CHECKS */;
/*!40014 SET UNIQUE_CHECKS=@OLD_UNIQUE_CHECKS */;
/*!40101 SET CHARACTER_SET_CLIENT=@OLD_CHARACTER_SET_CLIENT */;
/*!40101 SET CHARACTER_SET_RESULTS=@OLD_CHARACTER_SET_RESULTS */;
/*!40101 SET COLLATION_CONNECTION=@OLD_COLLATION_CONNECTION */;
/*!40111 SET SQL_NOTES=@OLD_SQL_NOTES */;

-- Dump completed on 2015-05-12 21:59:03
